id,number,suffix,provenance,file_count,artifact_types
V0,0,,RESULT_ARTIFACT_PRESERVED,26,ARCHIVE;CSV;MARKDOWN
V1,1,,RESULT_ARTIFACT_PRESERVED,4,ARCHIVE;CSV;FIGURE;MARKDOWN
V2,2,,RESULT_ARTIFACT_PRESERVED,3,CSV;FIGURE
V2B,2,B,RESULT_ARTIFACT_PRESERVED,2,FIGURE
V3,3,,RESULT_ARTIFACT_PRESERVED,6,ARCHIVE;CSV;FIGURE;MARKDOWN
V3B,3,B,RESULT_ARTIFACT_PRESERVED,3,CSV;FIGURE
V4,4,,RESULT_ARTIFACT_PRESERVED,2,FIGURE
V5,5,,RESULT_ARTIFACT_PRESERVED,2,FIGURE
V5B,5,B,RESULT_ARTIFACT_PRESERVED,2,FIGURE
V5C,5,C,RESULT_ARTIFACT_PRESERVED,2,FIGURE
V6,6,,RESULT_ARTIFACT_PRESERVED,2,FIGURE
V7,7,,RESULT_ARTIFACT_PRESERVED,2,FIGURE
V7B,7,B,RESULT_ARTIFACT_PRESERVED,2,FIGURE
V8,8,,RESULT_ARTIFACT_PRESERVED,5,ARCHIVE;CSV;FIGURE;MARKDOWN
V9,9,,RESULT_ARTIFACT_PRESERVED,2,FIGURE
V10,10,,RESULT_ARTIFACT_PRESERVED,2,FIGURE
V11,11,,RESULT_ARTIFACT_PRESERVED,2,FIGURE
V12,12,,RESULT_ARTIFACT_PRESERVED,3,FIGURE
V13,13,,RESULT_ARTIFACT_PRESERVED,2,FIGURE
V14,14,,RESULT_ARTIFACT_PRESERVED,1,FIGURE
V15,15,,RESULT_ARTIFACT_PRESERVED,2,FIGURE
V16,16,,RESULT_ARTIFACT_PRESERVED,2,FIGURE
V16B,16,B,RESULT_ARTIFACT_PRESERVED,1,FIGURE
V17,17,,RESULT_ARTIFACT_PRESERVED,2,FIGURE
V18,18,,RESULT_ARTIFACT_PRESERVED,2,FIGURE
V18B,18,B,RESULT_ARTIFACT_PRESERVED,5,ARCHIVE;CSV;FIGURE;MARKDOWN
V18C,18,C,RESULT_ARTIFACT_PRESERVED,1,FIGURE
V19,19,,MISSING_DIRECT_ARTIFACT,0,
V20,20,,MISSING_DIRECT_ARTIFACT,0,
V21,21,,RESULT_ARTIFACT_PRESERVED,4,ARCHIVE;CSV;FIGURE;MARKDOWN
V22,22,,RESULT_ARTIFACT_PRESERVED,38,FIGURE
V23,23,,RESULT_ARTIFACT_PRESERVED,2,FIGURE
V24,24,,RESULT_ARTIFACT_PRESERVED,2,FIGURE
V24B,24,B,RESULT_ARTIFACT_PRESERVED,2,FIGURE
V24C,24,C,RESULT_ARTIFACT_PRESERVED,2,FIGURE
V25,25,,MISSING_DIRECT_ARTIFACT,0,
V26,26,,RESULT_ARTIFACT_PRESERVED,2,FIGURE
V27,27,,RESULT_ARTIFACT_PRESERVED,2,FIGURE
V28,28,,RESULT_ARTIFACT_PRESERVED,2,FIGURE
V29,29,,RESULT_ARTIFACT_PRESERVED,2,FIGURE
V30,30,,MISSING_DIRECT_ARTIFACT,0,
V31,31,,RESULT_ARTIFACT_PRESERVED,2,FIGURE
V31B,31,B,RESULT_ARTIFACT_PRESERVED,2,FIGURE
V31C,31,C,RESULT_ARTIFACT_PRESERVED,2,FIGURE
V31D,31,D,RESULT_ARTIFACT_PRESERVED,1,FIGURE
V32,32,,MISSING_DIRECT_ARTIFACT,0,
V33,33,,RESULT_ARTIFACT_PRESERVED,2,FIGURE
V33B,33,B,RESULT_ARTIFACT_PRESERVED,1,FIGURE
V34,34,,RESULT_ARTIFACT_PRESERVED,2,FIGURE
V35,35,,RESULT_ARTIFACT_PRESERVED,2,FIGURE
V36,36,,RESULT_ARTIFACT_PRESERVED,1,FIGURE
V36B,36,B,RESULT_ARTIFACT_PRESERVED,1,FIGURE
V37,37,,RESULT_ARTIFACT_PRESERVED,1,FIGURE
V38,38,,RESULT_ARTIFACT_PRESERVED,23,FIGURE
V39,39,,RESULT_ARTIFACT_PRESERVED,1,FIGURE
V40,40,,RESULT_ARTIFACT_PRESERVED,1,FIGURE
V41,41,,RESULT_ARTIFACT_PRESERVED,1,FIGURE
V42,42,,RESULT_ARTIFACT_PRESERVED,1,FIGURE
V43,43,,RESULT_ARTIFACT_PRESERVED,1,FIGURE
V43B,43,B,RESULT_ARTIFACT_PRESERVED,1,FIGURE
V43C,43,C,RESULT_ARTIFACT_PRESERVED,1,FIGURE
V44,44,,RESULT_ARTIFACT_PRESERVED,1,FIGURE
V45,45,,RESULT_ARTIFACT_PRESERVED,1,FIGURE
V46,46,,RESULT_ARTIFACT_PRESERVED,2,FIGURE
V47,47,,RESULT_ARTIFACT_PRESERVED,2,FIGURE
V48,48,,RESULT_ARTIFACT_PRESERVED,2,FIGURE
V49,49,,RESULT_ARTIFACT_PRESERVED,2,FIGURE
V50,50,,RESULT_ARTIFACT_PRESERVED,1,FIGURE
V51,51,,RESULT_ARTIFACT_PRESERVED,1,FIGURE
V52,52,,RESULT_ARTIFACT_PRESERVED,3,ARCHIVE;FIGURE;MARKDOWN
V53,53,,RESULT_ARTIFACT_PRESERVED,14,FIGURE;MARKDOWN
V54,54,,RESULT_ARTIFACT_PRESERVED,1,FIGURE
V55,55,,RESULT_ARTIFACT_PRESERVED,1,FIGURE
V56,56,,RESULT_ARTIFACT_PRESERVED,1,FIGURE
V56B,56,B,RESULT_ARTIFACT_PRESERVED,1,FIGURE
V56C,56,C,RESULT_ARTIFACT_PRESERVED,2,FIGURE
V56D,56,D,RESULT_ARTIFACT_PRESERVED,1,FIGURE
V57,57,,RESULT_ARTIFACT_PRESERVED,1,FIGURE
V57B,57,B,RESULT_ARTIFACT_PRESERVED,1,FIGURE
V58,58,,RESULT_ARTIFACT_PRESERVED,1,FIGURE
V59,59,,RESULT_ARTIFACT_PRESERVED,4,ARCHIVE;FIGURE;MARKDOWN
V60,60,,RESULT_ARTIFACT_PRESERVED,15,FIGURE;MARKDOWN
V60B,60,B,RESULT_ARTIFACT_PRESERVED,2,FIGURE
V61,61,,RESULT_ARTIFACT_PRESERVED,2,FIGURE
V61B,61,B,RESULT_ARTIFACT_PRESERVED,1,FIGURE
V61C,61,C,RESULT_ARTIFACT_PRESERVED,1,FIGURE
V62,62,,RESULT_ARTIFACT_PRESERVED,1,FIGURE
V62B,62,B,RESULT_ARTIFACT_PRESERVED,1,FIGURE
V63,63,,RESULT_ARTIFACT_PRESERVED,1,FIGURE
V64,64,,RESULT_ARTIFACT_PRESERVED,1,FIGURE
V65,65,,RESULT_ARTIFACT_PRESERVED,1,FIGURE
V66,66,,RESULT_ARTIFACT_PRESERVED,3,ARCHIVE;FIGURE;MARKDOWN
V67,67,,RESULT_ARTIFACT_PRESERVED,16,FIGURE;MARKDOWN
V68,68,,RESULT_ARTIFACT_PRESERVED,1,FIGURE
V69,69,,RESULT_ARTIFACT_PRESERVED,1,FIGURE
V70,70,,RESULT_ARTIFACT_PRESERVED,1,FIGURE
V71,71,,RESULT_ARTIFACT_PRESERVED,2,FIGURE
V72,72,,RESULT_ARTIFACT_PRESERVED,1,FIGURE
V73,73,,RESULT_ARTIFACT_PRESERVED,1,FIGURE
V74,74,,RESULT_ARTIFACT_PRESERVED,1,FIGURE
V75,75,,RESULT_ARTIFACT_PRESERVED,1,FIGURE
V76,76,,RESULT_ARTIFACT_PRESERVED,1,FIGURE
V77,77,,RESULT_ARTIFACT_PRESERVED,1,FIGURE
V78,78,,RESULT_ARTIFACT_PRESERVED,1,FIGURE
V79,79,,RESULT_ARTIFACT_PRESERVED,4,ARCHIVE;FIGURE;MARKDOWN
V80,80,,RESULT_ARTIFACT_PRESERVED,11,FIGURE;MARKDOWN
V81,81,,RESULT_ARTIFACT_PRESERVED,2,FIGURE
V82,82,,RESULT_ARTIFACT_PRESERVED,1,FIGURE
V83,83,,RESULT_ARTIFACT_PRESERVED,2,FIGURE
V84,84,,RESULT_ARTIFACT_PRESERVED,2,FIGURE
V85,85,,RESULT_ARTIFACT_PRESERVED,1,FIGURE
V86,86,,RESULT_ARTIFACT_PRESERVED,3,ARCHIVE;FIGURE;MARKDOWN
V87,87,,RESULT_ARTIFACT_PRESERVED,8,FIGURE;MARKDOWN
V88,88,,RESULT_ARTIFACT_PRESERVED,1,FIGURE
V89,89,,RESULT_ARTIFACT_PRESERVED,1,FIGURE
V90,90,,RESULT_ARTIFACT_PRESERVED,1,FIGURE
V91,91,,RESULT_ARTIFACT_PRESERVED,2,FIGURE
V92,92,,RESULT_ARTIFACT_PRESERVED,3,ARCHIVE;FIGURE;MARKDOWN
V93,93,,RESULT_ARTIFACT_PRESERVED,18,FIGURE;MARKDOWN
V94,94,,RESULT_ARTIFACT_PRESERVED,2,FIGURE
V95,95,,RESULT_ARTIFACT_PRESERVED,2,FIGURE
V96,96,,RESULT_ARTIFACT_PRESERVED,2,FIGURE
V97,97,,RESULT_ARTIFACT_PRESERVED,1,FIGURE
V98,98,,RESULT_ARTIFACT_PRESERVED,2,FIGURE
V99,99,,RESULT_ARTIFACT_PRESERVED,1,FIGURE
V100,100,,RESULT_ARTIFACT_PRESERVED,2,FIGURE
V101,101,,RESULT_ARTIFACT_PRESERVED,2,FIGURE
V102,102,,RESULT_ARTIFACT_PRESERVED,2,FIGURE
V103,103,,RESULT_ARTIFACT_PRESERVED,7,FIGURE
V103B,103,B,RESULT_ARTIFACT_PRESERVED,1,FIGURE
V104,104,,RESULT_ARTIFACT_PRESERVED,2,FIGURE
V105,105,,RESULT_ARTIFACT_PRESERVED,2,FIGURE
V106,106,,MISSING_DIRECT_ARTIFACT,0,
V107,107,,MISSING_DIRECT_ARTIFACT,0,
V108,108,,RESULT_ARTIFACT_PRESERVED,6,FIGURE
V109,109,,RESULT_ARTIFACT_PRESERVED,2,FIGURE
V110,110,,RESULT_ARTIFACT_PRESERVED,1,FIGURE
V111,111,,RESULT_ARTIFACT_PRESERVED,3,ARCHIVE;FIGURE;MARKDOWN
V112,112,,RESULT_ARTIFACT_PRESERVED,11,FIGURE;MARKDOWN
V113,113,,RESULT_ARTIFACT_PRESERVED,2,FIGURE
V114,114,,RESULT_ARTIFACT_PRESERVED,2,FIGURE
V115,115,,RESULT_ARTIFACT_PRESERVED,3,FIGURE
V116,116,,RESULT_ARTIFACT_PRESERVED,1,FIGURE
V117,117,,RESULT_ARTIFACT_PRESERVED,10,FIGURE
V118,118,,RESULT_ARTIFACT_PRESERVED,3,FIGURE
V119,119,,RESULT_ARTIFACT_PRESERVED,2,FIGURE
V119B,119,B,RESULT_ARTIFACT_PRESERVED,2,FIGURE
V120,120,,RESULT_ARTIFACT_PRESERVED,4,ARCHIVE;FIGURE;MARKDOWN
V121,121,,RESULT_ARTIFACT_PRESERVED,7,FIGURE;MARKDOWN
V121B,121,B,RESULT_ARTIFACT_PRESERVED,2,FIGURE
V122,122,,RESULT_ARTIFACT_PRESERVED,2,FIGURE
V123,123,,RESULT_ARTIFACT_PRESERVED,5,FIGURE
V124,124,,RESULT_ARTIFACT_PRESERVED,3,FIGURE
V125,125,,RESULT_ARTIFACT_PRESERVED,6,FIGURE
V126,126,,RESULT_ARTIFACT_PRESERVED,2,FIGURE
V127,127,,RESULT_ARTIFACT_PRESERVED,2,FIGURE
V128,128,,RESULT_ARTIFACT_PRESERVED,4,ARCHIVE;FIGURE;MARKDOWN
V129,129,,RESULT_ARTIFACT_PRESERVED,5,FIGURE;MARKDOWN
V130,130,,RESULT_ARTIFACT_PRESERVED,2,FIGURE
V131,131,,RESULT_ARTIFACT_PRESERVED,5,FIGURE
V131B,131,B,RESULT_ARTIFACT_PRESERVED,2,FIGURE
V132,132,,RESULT_ARTIFACT_PRESERVED,3,FIGURE
V133,133,,RESULT_ARTIFACT_PRESERVED,3,FIGURE
V134,134,,RESULT_ARTIFACT_PRESERVED,6,FIGURE
V134B,134,B,RESULT_ARTIFACT_PRESERVED,3,FIGURE
V135,135,,RESULT_ARTIFACT_PRESERVED,4,ARCHIVE;FIGURE;MARKDOWN
V136,136,,DOCUMENTED_IN_LOG,1,MARKDOWN
V137,137,,MISSING_DIRECT_ARTIFACT,0,
V138,138,,MISSING_DIRECT_ARTIFACT,0,
V139,139,,MISSING_DIRECT_ARTIFACT,0,
V140,140,,MISSING_DIRECT_ARTIFACT,0,
V141,141,,MISSING_DIRECT_ARTIFACT,0,
V142,142,,MISSING_DIRECT_ARTIFACT,0,
V143,143,,MISSING_DIRECT_ARTIFACT,0,
V144,144,,MISSING_DIRECT_ARTIFACT,0,
V145,145,,DOCUMENTED_IN_LOG,2,ARCHIVE;MARKDOWN
V146,146,,RESULT_ARTIFACT_PRESERVED,7,FIGURE;MARKDOWN
V147,147,,RESULT_ARTIFACT_PRESERVED,2,FIGURE
V148,148,,RESULT_ARTIFACT_PRESERVED,2,FIGURE
V149,149,,RESULT_ARTIFACT_PRESERVED,1,FIGURE
V150,150,,RESULT_ARTIFACT_PRESERVED,4,FIGURE
V151,151,,RESULT_ARTIFACT_PRESERVED,2,FIGURE
V152,152,,RESULT_ARTIFACT_PRESERVED,6,FIGURE
V153,153,,RESULT_ARTIFACT_PRESERVED,1,FIGURE
V154,154,,RESULT_ARTIFACT_PRESERVED,3,FIGURE
V155,155,,RESULT_ARTIFACT_PRESERVED,2,FIGURE
V156,156,,RESULT_ARTIFACT_PRESERVED,1,FIGURE
V157,157,,RESULT_ARTIFACT_PRESERVED,4,FIGURE
V157B,157,B,RESULT_ARTIFACT_PRESERVED,2,FIGURE
V158,158,,RESULT_ARTIFACT_PRESERVED,2,FIGURE
V159,159,,RESULT_ARTIFACT_PRESERVED,2,FIGURE
V160,160,,RESULT_ARTIFACT_PRESERVED,4,FIGURE
V161,161,,RESULT_ARTIFACT_PRESERVED,4,ARCHIVE;FIGURE;MARKDOWN
V162,162,,RESULT_ARTIFACT_PRESERVED,3,FIGURE
V162B,162,B,RESULT_ARTIFACT_PRESERVED,1,FIGURE
V163,163,,RESULT_ARTIFACT_PRESERVED,2,FIGURE
V164,164,,RESULT_ARTIFACT_PRESERVED,2,FIGURE
V165,165,,RESULT_ARTIFACT_PRESERVED,2,FIGURE
V166,166,,RESULT_ARTIFACT_PRESERVED,2,FIGURE
V167,167,,RESULT_ARTIFACT_PRESERVED,2,FIGURE
V168,168,,RESULT_ARTIFACT_PRESERVED,2,FIGURE
V169,169,,RESULT_ARTIFACT_PRESERVED,2,FIGURE
V170,170,,RESULT_ARTIFACT_PRESERVED,2,FIGURE
V171,171,,RESULT_ARTIFACT_PRESERVED,4,FIGURE
V171B,171,B,RESULT_ARTIFACT_PRESERVED,2,FIGURE
V172,172,,RESULT_ARTIFACT_PRESERVED,2,FIGURE
V173,173,,RESULT_ARTIFACT_PRESERVED,4,FIGURE
V173B,173,B,RESULT_ARTIFACT_PRESERVED,2,FIGURE
V174,174,,RESULT_ARTIFACT_PRESERVED,2,FIGURE
V175,175,,RESULT_ARTIFACT_PRESERVED,2,FIGURE
V176,176,,RESULT_ARTIFACT_PRESERVED,2,FIGURE
V177,177,,RESULT_ARTIFACT_PRESERVED,2,FIGURE
V178,178,,RESULT_ARTIFACT_PRESERVED,2,FIGURE
V179,179,,RESULT_ARTIFACT_PRESERVED,2,FIGURE
V180,180,,RESULT_ARTIFACT_PRESERVED,2,FIGURE
V181,181,,RESULT_ARTIFACT_PRESERVED,2,FIGURE
V182,182,,RESULT_ARTIFACT_PRESERVED,5,FIGURE
V182B,182,B,RESULT_ARTIFACT_PRESERVED,2,FIGURE
V182C,182,C,RESULT_ARTIFACT_PRESERVED,1,FIGURE
V183,183,,RESULT_ARTIFACT_PRESERVED,5,FIGURE;MARKDOWN
V183B,183,B,RESULT_ARTIFACT_PRESERVED,2,FIGURE
V184,184,,RESULT_ARTIFACT_PRESERVED,2,FIGURE
V185,185,,RESULT_ARTIFACT_PRESERVED,2,FIGURE
V186,186,,RESULT_ARTIFACT_PRESERVED,2,FIGURE
V187,187,,RESULT_ARTIFACT_PRESERVED,2,FIGURE
V188,188,,RESULT_ARTIFACT_PRESERVED,2,FIGURE
V189,189,,RESULT_ARTIFACT_PRESERVED,1,FIGURE
V190,190,,RESULT_ARTIFACT_PRESERVED,2,FIGURE
V191,191,,RESULT_ARTIFACT_PRESERVED,6,ARCHIVE;FIGURE;MARKDOWN
V191B,191,B,RESULT_ARTIFACT_PRESERVED,2,FIGURE
V192,192,,RESULT_ARTIFACT_PRESERVED,9,FIGURE;MARKDOWN
V192B,192,B,RESULT_ARTIFACT_PRESERVED,2,FIGURE
V192C,192,C,RESULT_ARTIFACT_PRESERVED,2,FIGURE
V192D,192,D,RESULT_ARTIFACT_PRESERVED,2,FIGURE
V193,193,,RESULT_ARTIFACT_PRESERVED,3,FIGURE
V193B,193,B,RESULT_ARTIFACT_PRESERVED,1,FIGURE
V194,194,,RESULT_ARTIFACT_PRESERVED,2,FIGURE
V195,195,,RESULT_ARTIFACT_PRESERVED,2,FIGURE
V196,196,,RESULT_ARTIFACT_PRESERVED,2,FIGURE
V197,197,,RESULT_ARTIFACT_PRESERVED,2,FIGURE
V198,198,,RESULT_ARTIFACT_PRESERVED,4,FIGURE
V198B,198,B,RESULT_ARTIFACT_PRESERVED,2,FIGURE
V199,199,,RESULT_ARTIFACT_PRESERVED,2,FIGURE
V200,200,,RESULT_ARTIFACT_PRESERVED,2,FIGURE
V201,201,,RESULT_ARTIFACT_PRESERVED,1,FIGURE
V202,202,,RESULT_ARTIFACT_PRESERVED,2,FIGURE
V203,203,,RESULT_ARTIFACT_PRESERVED,4,FIGURE
V203B,203,B,RESULT_ARTIFACT_PRESERVED,2,FIGURE
V204,204,,RESULT_ARTIFACT_PRESERVED,2,FIGURE
V205,205,,RESULT_ARTIFACT_PRESERVED,2,FIGURE
V206,206,,RESULT_ARTIFACT_PRESERVED,4,ARCHIVE;FIGURE;MARKDOWN
V207,207,,RESULT_ARTIFACT_PRESERVED,3,FIGURE;MARKDOWN
V208,208,,RESULT_ARTIFACT_PRESERVED,2,FIGURE
V209,209,,RESULT_ARTIFACT_PRESERVED,2,FIGURE
V210,210,,RESULT_ARTIFACT_PRESERVED,2,FIGURE
V211,211,,RESULT_ARTIFACT_PRESERVED,2,FIGURE
V212,212,,RESULT_ARTIFACT_PRESERVED,4,FIGURE
V212B,212,B,RESULT_ARTIFACT_PRESERVED,2,FIGURE
V213,213,,RESULT_ARTIFACT_PRESERVED,2,FIGURE
V214,214,,RESULT_ARTIFACT_PRESERVED,2,FIGURE
V215,215,,RESULT_ARTIFACT_PRESERVED,2,FIGURE
V216,216,,RESULT_ARTIFACT_PRESERVED,1,FIGURE
V217,217,,RESULT_ARTIFACT_PRESERVED,2,FIGURE
V218,218,,RESULT_ARTIFACT_PRESERVED,4,FIGURE
V218B,218,B,RESULT_ARTIFACT_PRESERVED,2,FIGURE
V219,219,,RESULT_ARTIFACT_PRESERVED,2,FIGURE
V220,220,,RESULT_ARTIFACT_PRESERVED,2,FIGURE
V221,221,,RESULT_ARTIFACT_PRESERVED,4,FIGURE
V221B,221,B,RESULT_ARTIFACT_PRESERVED,2,FIGURE
V222,222,,RESULT_ARTIFACT_PRESERVED,2,FIGURE
V223,223,,RESULT_ARTIFACT_PRESERVED,2,FIGURE
V224,224,,RESULT_ARTIFACT_PRESERVED,2,FIGURE
V225,225,,RESULT_ARTIFACT_PRESERVED,2,FIGURE
V226,226,,RESULT_ARTIFACT_PRESERVED,3,FIGURE
V226B,226,B,RESULT_ARTIFACT_PRESERVED,1,FIGURE
V227,227,,RESULT_ARTIFACT_PRESERVED,3,FIGURE;RESULT_JSON
V228,228,,RESULT_ARTIFACT_PRESERVED,2,FIGURE
V229,229,,RESULT_ARTIFACT_PRESERVED,2,FIGURE
V230,230,,RESULT_ARTIFACT_PRESERVED,2,FIGURE
V231,231,,RESULT_ARTIFACT_PRESERVED,2,FIGURE
V232,232,,RESULT_ARTIFACT_PRESERVED,2,FIGURE
V233,233,,RESULT_ARTIFACT_PRESERVED,2,FIGURE
V234,234,,RESULT_ARTIFACT_PRESERVED,2,FIGURE
V235,235,,RESULT_ARTIFACT_PRESERVED,2,FIGURE
V236,236,,RESULT_ARTIFACT_PRESERVED,2,FIGURE
V237,237,,RESULT_ARTIFACT_PRESERVED,4,FIGURE
V237B,237,B,RESULT_ARTIFACT_PRESERVED,2,FIGURE
V238,238,,RESULT_ARTIFACT_PRESERVED,2,FIGURE
V239,239,,RESULT_ARTIFACT_PRESERVED,3,FIGURE
V239B,239,B,RESULT_ARTIFACT_PRESERVED,1,FIGURE
V240,240,,RESULT_ARTIFACT_PRESERVED,1,FIGURE
V241,241,,RESULT_ARTIFACT_PRESERVED,2,FIGURE
V242,242,,RESULT_ARTIFACT_PRESERVED,1,FIGURE
V243,243,,RESULT_ARTIFACT_PRESERVED,2,FIGURE
V244,244,,RESULT_ARTIFACT_PRESERVED,3,ARCHIVE;FIGURE;MARKDOWN
V245,245,,RESULT_ARTIFACT_PRESERVED,2,FIGURE
V246,246,,RESULT_ARTIFACT_PRESERVED,2,FIGURE
V247,247,,RESULT_ARTIFACT_PRESERVED,4,FIGURE
V247B,247,B,RESULT_ARTIFACT_PRESERVED,2,FIGURE
V248,248,,RESULT_ARTIFACT_PRESERVED,2,FIGURE
V249,249,,RESULT_ARTIFACT_PRESERVED,2,FIGURE
V250,250,,RESULT_ARTIFACT_PRESERVED,2,FIGURE
V251,251,,RESULT_ARTIFACT_PRESERVED,2,FIGURE
V252,252,,RESULT_ARTIFACT_PRESERVED,4,FIGURE
V252B,252,B,RESULT_ARTIFACT_PRESERVED,2,FIGURE
V253,253,,RESULT_ARTIFACT_PRESERVED,2,FIGURE
V254,254,,RESULT_ARTIFACT_PRESERVED,2,FIGURE
V255,255,,RESULT_ARTIFACT_PRESERVED,1,FIGURE
V256,256,,RESULT_ARTIFACT_PRESERVED,3,FIGURE;RESULT_JSON
V257,257,,RESULT_ARTIFACT_PRESERVED,2,FIGURE
V258,258,,RESULT_ARTIFACT_PRESERVED,3,FIGURE;RESULT_JSON
V259,259,,RESULT_ARTIFACT_PRESERVED,2,FIGURE
V260,260,,RESULT_ARTIFACT_PRESERVED,2,FIGURE
V261,261,,RESULT_ARTIFACT_PRESERVED,2,FIGURE
V262,262,,RESULT_ARTIFACT_PRESERVED,2,FIGURE
V263,263,,RESULT_ARTIFACT_PRESERVED,2,FIGURE
V264,264,,RESULT_ARTIFACT_PRESERVED,2,FIGURE
V265,265,,RESULT_ARTIFACT_PRESERVED,2,FIGURE
V266,266,,RESULT_ARTIFACT_PRESERVED,2,FIGURE
V267,267,,RESULT_ARTIFACT_PRESERVED,3,FIGURE;RESULT_JSON
V268,268,,RESULT_ARTIFACT_PRESERVED,2,FIGURE
V269,269,,RESULT_ARTIFACT_PRESERVED,2,FIGURE
V270,270,,RESULT_ARTIFACT_PRESERVED,2,FIGURE
V271,271,,RESULT_ARTIFACT_PRESERVED,2,FIGURE
V272,272,,RESULT_ARTIFACT_PRESERVED,3,FIGURE;RESULT_JSON
V273,273,,RESULT_ARTIFACT_PRESERVED,1,FIGURE
V274,274,,RESULT_ARTIFACT_PRESERVED,1,FIGURE
V275,275,,RESULT_ARTIFACT_PRESERVED,1,FIGURE
V276,276,,RESULT_ARTIFACT_PRESERVED,2,FIGURE
V277,277,,RESULT_ARTIFACT_PRESERVED,2,FIGURE
V278,278,,RESULT_ARTIFACT_PRESERVED,2,FIGURE
V279,279,,RESULT_ARTIFACT_PRESERVED,2,FIGURE
V280,280,,RESULT_ARTIFACT_PRESERVED,2,FIGURE
V281,281,,RESULT_ARTIFACT_PRESERVED,2,FIGURE
V282,282,,RESULT_ARTIFACT_PRESERVED,2,FIGURE
V283,283,,RESULT_ARTIFACT_PRESERVED,1,FIGURE
V284,284,,RESULT_ARTIFACT_PRESERVED,2,FIGURE
V285,285,,RESULT_ARTIFACT_PRESERVED,2,FIGURE
V286,286,,RESULT_ARTIFACT_PRESERVED,3,FIGURE;RESULT_JSON
V287,287,,RESULT_ARTIFACT_PRESERVED,3,FIGURE;RESULT_JSON
V288,288,,RESULT_ARTIFACT_PRESERVED,3,FIGURE;RESULT_JSON
V288B,288,B,RESULT_ARTIFACT_PRESERVED,2,FIGURE;RESULT_JSON
V289,289,,RESULT_ARTIFACT_PRESERVED,3,FIGURE
V289B,289,B,RESULT_ARTIFACT_PRESERVED,1,FIGURE
V289C,289,C,RESULT_ARTIFACT_PRESERVED,1,FIGURE
V290,290,,RESULT_ARTIFACT_PRESERVED,2,FIGURE;RESULT_JSON
V291,291,,RESULT_ARTIFACT_PRESERVED,5,FIGURE;RESULT_JSON
V291B,291,B,RESULT_ARTIFACT_PRESERVED,3,FIGURE;RESULT_JSON
V292,292,,RESULT_ARTIFACT_PRESERVED,3,FIGURE;RESULT_JSON
V293,293,,RESULT_ARTIFACT_PRESERVED,3,FIGURE;RESULT_JSON
V294,294,,RESULT_ARTIFACT_PRESERVED,3,FIGURE;RESULT_JSON
V295,295,,RESULT_ARTIFACT_PRESERVED,3,FIGURE;RESULT_JSON
V296,296,,RESULT_ARTIFACT_PRESERVED,3,FIGURE;RESULT_JSON
V297,297,,RESULT_ARTIFACT_PRESERVED,1,FIGURE
V298,298,,RESULT_ARTIFACT_PRESERVED,3,FIGURE;RESULT_JSON
V299,299,,RESULT_ARTIFACT_PRESERVED,3,FIGURE;RESULT_JSON
V300,300,,RESULT_ARTIFACT_PRESERVED,3,FIGURE;RESULT_JSON
V301,301,,RESULT_ARTIFACT_PRESERVED,1,FIGURE
V302,302,,RESULT_ARTIFACT_PRESERVED,3,FIGURE;RESULT_JSON
V303,303,,RESULT_ARTIFACT_PRESERVED,4,FIGURE;RESULT_JSON
V303B,303,B,RESULT_ARTIFACT_PRESERVED,2,FIGURE;RESULT_JSON
V304,304,,RESULT_ARTIFACT_PRESERVED,2,FIGURE
V305,305,,RESULT_ARTIFACT_PRESERVED,3,FIGURE;RESULT_JSON
V306,306,,RESULT_ARTIFACT_PRESERVED,2,FIGURE
V307,307,,RESULT_ARTIFACT_PRESERVED,2,FIGURE
V308,308,,RESULT_ARTIFACT_PRESERVED,3,FIGURE;RESULT_JSON
V309,309,,RESULT_ARTIFACT_PRESERVED,3,FIGURE
V309B,309,B,RESULT_ARTIFACT_PRESERVED,1,FIGURE
V310,310,,RESULT_ARTIFACT_PRESERVED,3,FIGURE;RESULT_JSON
V311,311,,RESULT_ARTIFACT_PRESERVED,5,FIGURE;RESULT_JSON
V311B,311,B,RESULT_ARTIFACT_PRESERVED,3,FIGURE;RESULT_JSON
V312,312,,RESULT_ARTIFACT_PRESERVED,1,FIGURE
V313,313,,RESULT_ARTIFACT_PRESERVED,3,FIGURE;RESULT_JSON
V314,314,,RESULT_ARTIFACT_PRESERVED,2,FIGURE;RESULT_JSON
V315,315,,RESULT_ARTIFACT_PRESERVED,1,FIGURE
V316,316,,RESULT_ARTIFACT_PRESERVED,3,FIGURE
V316B,316,B,RESULT_ARTIFACT_PRESERVED,1,FIGURE
V317,317,,RESULT_ARTIFACT_PRESERVED,3,FIGURE;RESULT_JSON
V318,318,,RESULT_ARTIFACT_PRESERVED,2,FIGURE;RESULT_JSON
V319,319,,RESULT_ARTIFACT_PRESERVED,2,FIGURE;RESULT_JSON
V320,320,,RESULT_ARTIFACT_PRESERVED,3,FIGURE;RESULT_JSON
V320B,320,B,RESULT_ARTIFACT_PRESERVED,2,FIGURE;RESULT_JSON
V321,321,,RESULT_ARTIFACT_PRESERVED,2,FIGURE;RESULT_JSON
V322,322,,RESULT_ARTIFACT_PRESERVED,2,FIGURE;RESULT_JSON
V323,323,,RESULT_ARTIFACT_PRESERVED,3,FIGURE;RESULT_JSON
V324,324,,RESULT_ARTIFACT_PRESERVED,2,FIGURE;RESULT_JSON
V325,325,,RESULT_ARTIFACT_PRESERVED,2,FIGURE;RESULT_JSON
V326,326,,RESULT_ARTIFACT_PRESERVED,2,FIGURE;RESULT_JSON
V327,327,,RESULT_ARTIFACT_PRESERVED,3,FIGURE;RESULT_JSON
V328,328,,RESULT_ARTIFACT_PRESERVED,2,FIGURE;RESULT_JSON
V329,329,,RESULT_ARTIFACT_PRESERVED,2,FIGURE;RESULT_JSON
V330,330,,RESULT_ARTIFACT_PRESERVED,2,FIGURE;RESULT_JSON
V331,331,,RESULT_ARTIFACT_PRESERVED,1,FIGURE
V332,332,,RESULT_ARTIFACT_PRESERVED,1,FIGURE
V333,333,,RESULT_ARTIFACT_PRESERVED,1,FIGURE
V334,334,,RESULT_ARTIFACT_PRESERVED,1,FIGURE
V335,335,,RESULT_ARTIFACT_PRESERVED,1,FIGURE
V336,336,,RESULT_ARTIFACT_PRESERVED,3,FIGURE
V336B,336,B,RESULT_ARTIFACT_PRESERVED,1,FIGURE
V337,337,,RESULT_ARTIFACT_PRESERVED,3,FIGURE
V337B,337,B,RESULT_ARTIFACT_PRESERVED,1,FIGURE
V338,338,,RESULT_ARTIFACT_PRESERVED,1,FIGURE
V339,339,,RESULT_ARTIFACT_PRESERVED,1,FIGURE
V340,340,,RESULT_ARTIFACT_PRESERVED,1,FIGURE
V341,341,,RESULT_ARTIFACT_PRESERVED,2,FIGURE
V342,342,,RESULT_ARTIFACT_PRESERVED,4,FIGURE
V342B,342,B,RESULT_ARTIFACT_PRESERVED,2,FIGURE
V343,343,,RESULT_ARTIFACT_PRESERVED,2,FIGURE
V344,344,,RESULT_ARTIFACT_PRESERVED,2,FIGURE
V345,345,,RESULT_ARTIFACT_PRESERVED,1,FIGURE
V346,346,,RESULT_ARTIFACT_PRESERVED,1,FIGURE
V347,347,,RESULT_ARTIFACT_PRESERVED,4,ARCHIVE;FIGURE;MARKDOWN
V348,348,,RESULT_ARTIFACT_PRESERVED,2,FIGURE
V349,349,,RESULT_ARTIFACT_PRESERVED,1,FIGURE
V350,350,,RESULT_ARTIFACT_PRESERVED,2,FIGURE
V351,351,,RESULT_ARTIFACT_PRESERVED,2,FIGURE
V352,352,,RESULT_ARTIFACT_PRESERVED,1,FIGURE
V353,353,,RESULT_ARTIFACT_PRESERVED,1,FIGURE
V354,354,,RESULT_ARTIFACT_PRESERVED,2,FIGURE
V354B,354,B,RESULT_ARTIFACT_PRESERVED,1,FIGURE
V355,355,,RESULT_ARTIFACT_PRESERVED,1,FIGURE
V356,356,,RESULT_ARTIFACT_PRESERVED,4,ARCHIVE;FIGURE;MARKDOWN
V357,357,,RESULT_ARTIFACT_PRESERVED,5,ARCHIVE;FIGURE;MARKDOWN
V358,358,,RESULT_ARTIFACT_PRESERVED,2,FIGURE
V359,359,,RESULT_ARTIFACT_PRESERVED,2,FIGURE
V360,360,,RESULT_ARTIFACT_PRESERVED,2,FIGURE
V361,361,,RESULT_ARTIFACT_PRESERVED,2,FIGURE
V362,362,,RESULT_ARTIFACT_PRESERVED,2,FIGURE
V363,363,,RESULT_ARTIFACT_PRESERVED,2,FIGURE
V364,364,,RESULT_ARTIFACT_PRESERVED,2,FIGURE
V364B,364,B,RESULT_ARTIFACT_PRESERVED,1,FIGURE
V365,365,,RESULT_ARTIFACT_PRESERVED,1,FIGURE
V366,366,,RESULT_ARTIFACT_PRESERVED,4,FIGURE
V366B,366,B,RESULT_ARTIFACT_PRESERVED,2,FIGURE
V367,367,,RESULT_ARTIFACT_PRESERVED,2,FIGURE
V368,368,,RESULT_ARTIFACT_PRESERVED,1,FIGURE
V369,369,,RESULT_ARTIFACT_PRESERVED,2,FIGURE
V370,370,,RESULT_ARTIFACT_PRESERVED,4,ARCHIVE;FIGURE;MARKDOWN
V371,371,,DOCUMENTED_IN_LOG,2,ARCHIVE;MARKDOWN
V372,372,,RESULT_ARTIFACT_PRESERVED,1,FIGURE
V373,373,,MISSING_DIRECT_ARTIFACT,0,
V374,374,,RESULT_ARTIFACT_PRESERVED,1,FIGURE
V375,375,,MISSING_DIRECT_ARTIFACT,0,
V376,376,,MISSING_DIRECT_ARTIFACT,0,
V377,377,,RESULT_ARTIFACT_PRESERVED,1,FIGURE
V378,378,,MISSING_DIRECT_ARTIFACT,0,
V379,379,,MISSING_DIRECT_ARTIFACT,0,
V380,380,,MISSING_DIRECT_ARTIFACT,0,
V381,381,,RESULT_ARTIFACT_PRESERVED,1,FIGURE
V382,382,,MISSING_DIRECT_ARTIFACT,0,
V383,383,,MISSING_DIRECT_ARTIFACT,0,
V384,384,,MISSING_DIRECT_ARTIFACT,0,
V385,385,,MISSING_DIRECT_ARTIFACT,0,
V386,386,,MISSING_DIRECT_ARTIFACT,0,
V387,387,,MISSING_DIRECT_ARTIFACT,0,
V388,388,,RESULT_ARTIFACT_PRESERVED,1,FIGURE
V389,389,,RESULT_ARTIFACT_PRESERVED,2,FIGURE
V390,390,,RESULT_ARTIFACT_PRESERVED,2,FIGURE
V391,391,,RESULT_ARTIFACT_PRESERVED,4,FIGURE
V391B,391,B,RESULT_ARTIFACT_PRESERVED,2,FIGURE
V392,392,,RESULT_ARTIFACT_PRESERVED,2,FIGURE
V392B,392,B,RESULT_ARTIFACT_PRESERVED,3,ARCHIVE;FIGURE;MARKDOWN
V393,393,,DOCUMENTED_IN_LOG,2,ARCHIVE;MARKDOWN
V394,394,,MISSING_DIRECT_ARTIFACT,0,
V395,395,,RESULT_ARTIFACT_PRESERVED,1,FIGURE
V396,396,,RESULT_ARTIFACT_PRESERVED,2,FIGURE
V396B,396,B,RESULT_ARTIFACT_PRESERVED,1,FIGURE
V397,397,,RESULT_ARTIFACT_PRESERVED,1,FIGURE
V398,398,,RESULT_ARTIFACT_PRESERVED,1,FIGURE
V399,399,,RESULT_ARTIFACT_PRESERVED,1,FIGURE
V400,400,,RESULT_ARTIFACT_PRESERVED,1,FIGURE
V401,401,,RESULT_ARTIFACT_PRESERVED,1,FIGURE
V402,402,,RESULT_ARTIFACT_PRESERVED,3,FIGURE
V402B,402,B,RESULT_ARTIFACT_PRESERVED,2,FIGURE
V403,403,,RESULT_ARTIFACT_PRESERVED,2,FIGURE
V404,404,,RESULT_ARTIFACT_PRESERVED,1,FIGURE
V405,405,,RESULT_ARTIFACT_PRESERVED,2,FIGURE
V405B,405,B,RESULT_ARTIFACT_PRESERVED,1,FIGURE
V406,406,,RESULT_ARTIFACT_PRESERVED,2,FIGURE
V406B,406,B,RESULT_ARTIFACT_PRESERVED,1,FIGURE
V407,407,,RESULT_ARTIFACT_PRESERVED,2,FIGURE
V407B,407,B,RESULT_ARTIFACT_PRESERVED,1,FIGURE
V408,408,,RESULT_ARTIFACT_PRESERVED,1,FIGURE
V409,409,,RESULT_ARTIFACT_PRESERVED,1,FIGURE
V410,410,,RESULT_ARTIFACT_PRESERVED,1,FIGURE
V411,411,,RESULT_ARTIFACT_PRESERVED,2,FIGURE
V412,412,,RESULT_ARTIFACT_PRESERVED,1,FIGURE
V413,413,,RESULT_ARTIFACT_PRESERVED,1,FIGURE
V414,414,,RESULT_ARTIFACT_PRESERVED,4,ARCHIVE;FIGURE;MARKDOWN
V415,415,,RESULT_ARTIFACT_PRESERVED,4,ARCHIVE;FIGURE;MARKDOWN
V415B,415,B,RESULT_ARTIFACT_PRESERVED,1,FIGURE
V416,416,,RESULT_ARTIFACT_PRESERVED,3,FIGURE
V416B,416,B,RESULT_ARTIFACT_PRESERVED,1,FIGURE
V416C,416,C,RESULT_ARTIFACT_PRESERVED,1,FIGURE
V417,417,,RESULT_ARTIFACT_PRESERVED,1,FIGURE
V418,418,,RESULT_ARTIFACT_PRESERVED,2,FIGURE
V418B,418,B,RESULT_ARTIFACT_PRESERVED,1,FIGURE
V419,419,,RESULT_ARTIFACT_PRESERVED,2,FIGURE
V420,420,,RESULT_ARTIFACT_PRESERVED,1,FIGURE
V421,421,,RESULT_ARTIFACT_PRESERVED,3,FIGURE
V421B,421,B,RESULT_ARTIFACT_PRESERVED,1,FIGURE
V421C,421,C,DOCUMENTED_IN_LOG,2,ARCHIVE;MARKDOWN
V422,422,,RESULT_ARTIFACT_PRESERVED,3,ARCHIVE;FIGURE;MARKDOWN
V423,423,,RESULT_ARTIFACT_PRESERVED,1,FIGURE
V424,424,,RESULT_ARTIFACT_PRESERVED,3,FIGURE
V424B,424,B,RESULT_ARTIFACT_PRESERVED,1,FIGURE
V424C,424,C,RESULT_ARTIFACT_PRESERVED,1,FIGURE
V425,425,,RESULT_ARTIFACT_PRESERVED,3,FIGURE
V425B,425,B,RESULT_ARTIFACT_PRESERVED,1,FIGURE
V425C,425,C,RESULT_ARTIFACT_PRESERVED,1,FIGURE
V426,426,,RESULT_ARTIFACT_PRESERVED,3,FIGURE
V426B,426,B,RESULT_ARTIFACT_PRESERVED,1,FIGURE
V427,427,,RESULT_ARTIFACT_PRESERVED,2,FIGURE
V427B,427,B,RESULT_ARTIFACT_PRESERVED,1,FIGURE
V428,428,,RESULT_ARTIFACT_PRESERVED,4,ARCHIVE;FIGURE;MARKDOWN
V429,429,,RESULT_ARTIFACT_PRESERVED,4,ARCHIVE;FIGURE;MARKDOWN
V429C,429,C,RESULT_ARTIFACT_PRESERVED,1,FIGURE
V430,430,,RESULT_ARTIFACT_PRESERVED,1,FIGURE
V431,431,,RESULT_ARTIFACT_PRESERVED,4,FIGURE
V431B,431,B,RESULT_ARTIFACT_PRESERVED,1,FIGURE
V431C,431,C,RESULT_ARTIFACT_PRESERVED,1,FIGURE
V431D,431,D,RESULT_ARTIFACT_PRESERVED,1,FIGURE
V432,432,,RESULT_ARTIFACT_PRESERVED,4,FIGURE
V432B,432,B,RESULT_ARTIFACT_PRESERVED,1,FIGURE
V432C,432,C,RESULT_ARTIFACT_PRESERVED,1,FIGURE
V432D,432,D,RESULT_ARTIFACT_PRESERVED,1,FIGURE
V433,433,,RESULT_ARTIFACT_PRESERVED,2,FIGURE
V433B,433,B,RESULT_ARTIFACT_PRESERVED,3,ARCHIVE;FIGURE;MARKDOWN
V434,434,,RESULT_ARTIFACT_PRESERVED,3,ARCHIVE;FIGURE;MARKDOWN
V435,435,,RESULT_ARTIFACT_PRESERVED,3,FIGURE
V435B,435,B,RESULT_ARTIFACT_PRESERVED,1,FIGURE
V435C,435,C,RESULT_ARTIFACT_PRESERVED,1,FIGURE
V436,436,,RESULT_ARTIFACT_PRESERVED,3,FIGURE
V436B,436,B,RESULT_ARTIFACT_PRESERVED,1,FIGURE
V436C,436,C,RESULT_ARTIFACT_PRESERVED,1,FIGURE
V437,437,,RESULT_ARTIFACT_PRESERVED,6,FIGURE
V437B,437,B,RESULT_ARTIFACT_PRESERVED,1,FIGURE
V437C,437,C,RESULT_ARTIFACT_PRESERVED,1,FIGURE
V437D,437,D,RESULT_ARTIFACT_PRESERVED,1,FIGURE
V437E,437,E,RESULT_ARTIFACT_PRESERVED,1,FIGURE
V437F,437,F,RESULT_ARTIFACT_PRESERVED,1,FIGURE
V438,438,,RESULT_ARTIFACT_PRESERVED,5,FIGURE
V438B,438,B,RESULT_ARTIFACT_PRESERVED,1,FIGURE
V438C,438,C,RESULT_ARTIFACT_PRESERVED,1,FIGURE
V438D,438,D,RESULT_ARTIFACT_PRESERVED,1,FIGURE
V438E,438,E,RESULT_ARTIFACT_PRESERVED,1,FIGURE
V439,439,,RESULT_ARTIFACT_PRESERVED,1,FIGURE
V440,440,,RESULT_ARTIFACT_PRESERVED,3,ARCHIVE;FIGURE;MARKDOWN
V441,441,,RESULT_ARTIFACT_PRESERVED,1,FIGURE
V442,442,,RESULT_ARTIFACT_PRESERVED,1,FIGURE
V443,443,,RESULT_ARTIFACT_PRESERVED,2,FIGURE
V443B,443,B,RESULT_ARTIFACT_PRESERVED,1,FIGURE
V444,444,,RESULT_ARTIFACT_PRESERVED,3,FIGURE
V444B,444,B,RESULT_ARTIFACT_PRESERVED,1,FIGURE
V444C,444,C,RESULT_ARTIFACT_PRESERVED,1,FIGURE
V445,445,,RESULT_ARTIFACT_PRESERVED,1,FIGURE
V446,446,,RESULT_ARTIFACT_PRESERVED,4,FIGURE
V446B,446,B,RESULT_ARTIFACT_PRESERVED,1,FIGURE
V446C,446,C,RESULT_ARTIFACT_PRESERVED,1,FIGURE
V446D,446,D,RESULT_ARTIFACT_PRESERVED,1,FIGURE
V447,447,,RESULT_ARTIFACT_PRESERVED,1,FIGURE
V448,448,,RESULT_ARTIFACT_PRESERVED,7,FIGURE
V448B,448,B,RESULT_ARTIFACT_PRESERVED,1,FIGURE
V448C,448,C,RESULT_ARTIFACT_PRESERVED,1,FIGURE
V448D,448,D,RESULT_ARTIFACT_PRESERVED,1,FIGURE
V448E,448,E,RESULT_ARTIFACT_PRESERVED,1,FIGURE
V448F,448,F,RESULT_ARTIFACT_PRESERVED,1,FIGURE
V448G,448,G,RESULT_ARTIFACT_PRESERVED,1,FIGURE
V449,449,,RESULT_ARTIFACT_PRESERVED,2,FIGURE
V449A,449,A,RESULT_ARTIFACT_PRESERVED,1,FIGURE
V449B,449,B,RESULT_ARTIFACT_PRESERVED,1,FIGURE
V450,450,,RESULT_ARTIFACT_PRESERVED,3,FIGURE
V450B,450,B,RESULT_ARTIFACT_PRESERVED,1,FIGURE
V450C,450,C,RESULT_ARTIFACT_PRESERVED,1,FIGURE
V451,451,,RESULT_ARTIFACT_PRESERVED,1,FIGURE
V452,452,,RESULT_ARTIFACT_PRESERVED,4,FIGURE
V452B,452,B,RESULT_ARTIFACT_PRESERVED,1,FIGURE
V452C,452,C,RESULT_ARTIFACT_PRESERVED,1,FIGURE
V452D,452,D,RESULT_ARTIFACT_PRESERVED,1,FIGURE
V453,453,,RESULT_ARTIFACT_PRESERVED,1,FIGURE
V454,454,,RESULT_ARTIFACT_PRESERVED,1,FIGURE
V455,455,,RESULT_ARTIFACT_PRESERVED,1,FIGURE
V456,456,,RESULT_ARTIFACT_PRESERVED,2,FIGURE
V456B,456,B,RESULT_ARTIFACT_PRESERVED,1,FIGURE
V457,457,,RESULT_ARTIFACT_PRESERVED,1,FIGURE
V458,458,,RESULT_ARTIFACT_PRESERVED,3,FIGURE
V458B,458,B,RESULT_ARTIFACT_PRESERVED,1,FIGURE
V458C,458,C,RESULT_ARTIFACT_PRESERVED,1,FIGURE
V459,459,,RESULT_ARTIFACT_PRESERVED,3,FIGURE
V459B,459,B,RESULT_ARTIFACT_PRESERVED,1,FIGURE
V459C,459,C,RESULT_ARTIFACT_PRESERVED,1,FIGURE
V460,460,,RESULT_ARTIFACT_PRESERVED,1,FIGURE
V461,461,,RESULT_ARTIFACT_PRESERVED,1,FIGURE
V462,462,,RESULT_ARTIFACT_PRESERVED,1,FIGURE
V463,463,,RESULT_ARTIFACT_PRESERVED,1,FIGURE
V464,464,,RESULT_ARTIFACT_PRESERVED,1,FIGURE
V465,465,,RESULT_ARTIFACT_PRESERVED,1,FIGURE
V466,466,,RESULT_ARTIFACT_PRESERVED,1,FIGURE
V467,467,,RESULT_ARTIFACT_PRESERVED,1,FIGURE
V468,468,,RESULT_ARTIFACT_PRESERVED,1,FIGURE
V469,469,,RESULT_ARTIFACT_PRESERVED,1,FIGURE
V470,470,,RESULT_ARTIFACT_PRESERVED,1,FIGURE
V471,471,,RESULT_ARTIFACT_PRESERVED,1,FIGURE
V472,472,,RESULT_ARTIFACT_PRESERVED,1,FIGURE
V473,473,,RESULT_ARTIFACT_PRESERVED,1,FIGURE
V474,474,,RESULT_ARTIFACT_PRESERVED,1,FIGURE
V475,475,,RESULT_ARTIFACT_PRESERVED,1,FIGURE
V476,476,,MISSING_DIRECT_ARTIFACT,0,
V477,477,,RESULT_ARTIFACT_PRESERVED,1,FIGURE
V478,478,,RESULT_ARTIFACT_PRESERVED,1,FIGURE
V479,479,,RESULT_ARTIFACT_PRESERVED,1,FIGURE
V479B,479,B,RESULT_ARTIFACT_PRESERVED,1,FIGURE
V480,480,,RESULT_ARTIFACT_PRESERVED,1,FIGURE
V481,481,,RESULT_ARTIFACT_PRESERVED,1,FIGURE
V481B,481,B,RESULT_ARTIFACT_PRESERVED,1,FIGURE
V482,482,,RESULT_ARTIFACT_PRESERVED,2,FIGURE
V482B,482,B,RESULT_ARTIFACT_PRESERVED,1,FIGURE
V483,483,,RESULT_ARTIFACT_PRESERVED,1,FIGURE
V484,484,,RESULT_ARTIFACT_PRESERVED,1,FIGURE
V485,485,,RESULT_ARTIFACT_PRESERVED,2,FIGURE
V485B,485,B,RESULT_ARTIFACT_PRESERVED,1,FIGURE
V486,486,,RESULT_ARTIFACT_PRESERVED,1,FIGURE
V487,487,,RESULT_ARTIFACT_PRESERVED,1,FIGURE
V488,488,,RESULT_ARTIFACT_PRESERVED,1,FIGURE
V489,489,,RESULT_ARTIFACT_PRESERVED,1,FIGURE
V490,490,,RESULT_ARTIFACT_PRESERVED,1,FIGURE
V491,491,,RESULT_ARTIFACT_PRESERVED,1,FIGURE
V492,492,,RESULT_ARTIFACT_PRESERVED,1,FIGURE
V493,493,,RESULT_ARTIFACT_PRESERVED,1,FIGURE
V494,494,,RESULT_ARTIFACT_PRESERVED,1,FIGURE
V495,495,,RESULT_ARTIFACT_PRESERVED,1,FIGURE
V496,496,,RESULT_ARTIFACT_PRESERVED,1,FIGURE
V497,497,,RESULT_ARTIFACT_PRESERVED,1,FIGURE
V498,498,,RESULT_ARTIFACT_PRESERVED,1,FIGURE
V499,499,,RESULT_ARTIFACT_PRESERVED,1,FIGURE
V500,500,,RESULT_ARTIFACT_PRESERVED,1,FIGURE
V501,501,,RESULT_ARTIFACT_PRESERVED,1,FIGURE
V502,502,,RESULT_ARTIFACT_PRESERVED,1,FIGURE
V503,503,,RESULT_ARTIFACT_PRESERVED,1,FIGURE
V504,504,,RESULT_ARTIFACT_PRESERVED,1,FIGURE
V505,505,,RESULT_ARTIFACT_PRESERVED,1,FIGURE
V506,506,,RESULT_ARTIFACT_PRESERVED,1,FIGURE
V507,507,,RESULT_ARTIFACT_PRESERVED,1,FIGURE
V508,508,,RESULT_ARTIFACT_PRESERVED,1,FIGURE
V509,509,,RESULT_ARTIFACT_PRESERVED,1,FIGURE
V510,510,,RESULT_ARTIFACT_PRESERVED,2,FIGURE
V510D,510,D,RESULT_ARTIFACT_PRESERVED,1,FIGURE
V511,511,,RESULT_ARTIFACT_PRESERVED,1,FIGURE
V512,512,,RESULT_ARTIFACT_PRESERVED,1,FIGURE
V513,513,,RESULT_ARTIFACT_PRESERVED,1,FIGURE
V514,514,,RESULT_ARTIFACT_PRESERVED,1,FIGURE
V515,515,,RESULT_ARTIFACT_PRESERVED,2,FIGURE
V515B,515,B,RESULT_ARTIFACT_PRESERVED,1,FIGURE
V516,516,,RESULT_ARTIFACT_PRESERVED,1,FIGURE
V517,517,,RESULT_ARTIFACT_PRESERVED,1,FIGURE
V518,518,,RESULT_ARTIFACT_PRESERVED,1,FIGURE
V519,519,,RESULT_ARTIFACT_PRESERVED,1,FIGURE
V520,520,,RESULT_ARTIFACT_PRESERVED,1,FIGURE
V521,521,,RESULT_ARTIFACT_PRESERVED,1,FIGURE
V522,522,,RESULT_ARTIFACT_PRESERVED,1,FIGURE
V523,523,,RESULT_ARTIFACT_PRESERVED,1,FIGURE
V524,524,,RESULT_ARTIFACT_PRESERVED,1,FIGURE
V525,525,,RESULT_ARTIFACT_PRESERVED,1,FIGURE
V526,526,,RESULT_ARTIFACT_PRESERVED,1,FIGURE
V527,527,,RESULT_ARTIFACT_PRESERVED,1,FIGURE
V528,528,,RESULT_ARTIFACT_PRESERVED,1,FIGURE
V529,529,,RESULT_ARTIFACT_PRESERVED,1,FIGURE
V530,530,,RESULT_ARTIFACT_PRESERVED,1,FIGURE
V531,531,,RESULT_ARTIFACT_PRESERVED,1,FIGURE
V532,532,,RESULT_ARTIFACT_PRESERVED,1,FIGURE
V533,533,,RESULT_ARTIFACT_PRESERVED,1,FIGURE
V534,534,,RESULT_ARTIFACT_PRESERVED,1,FIGURE
V535,535,,RESULT_ARTIFACT_PRESERVED,2,FIGURE
V535B,535,B,RESULT_ARTIFACT_PRESERVED,1,FIGURE
V536,536,,RESULT_ARTIFACT_PRESERVED,1,FIGURE
V537,537,,RESULT_ARTIFACT_PRESERVED,1,FIGURE
V538,538,,RESULT_ARTIFACT_PRESERVED,1,FIGURE
V539,539,,RESULT_ARTIFACT_PRESERVED,1,FIGURE
V540,540,,RESULT_ARTIFACT_PRESERVED,1,FIGURE
V541,541,,RESULT_ARTIFACT_PRESERVED,1,FIGURE
V542,542,,RESULT_ARTIFACT_PRESERVED,1,FIGURE
V543,543,,RESULT_ARTIFACT_PRESERVED,1,FIGURE
V544,544,,RESULT_ARTIFACT_PRESERVED,1,FIGURE
V545,545,,RESULT_ARTIFACT_PRESERVED,1,FIGURE
V546,546,,RESULT_ARTIFACT_PRESERVED,1,FIGURE
V547,547,,RESULT_ARTIFACT_PRESERVED,1,FIGURE
V548,548,,RESULT_ARTIFACT_PRESERVED,1,FIGURE
V549,549,,MISSING_DIRECT_ARTIFACT,0,
V550,550,,RESULT_ARTIFACT_PRESERVED,1,FIGURE
V551,551,,RESULT_ARTIFACT_PRESERVED,1,FIGURE
V552,552,,RESULT_ARTIFACT_PRESERVED,1,FIGURE
V553,553,,RESULT_ARTIFACT_PRESERVED,1,FIGURE
V554,554,,MISSING_DIRECT_ARTIFACT,0,
V555,555,,MISSING_DIRECT_ARTIFACT,0,
V556,556,,MISSING_DIRECT_ARTIFACT,0,
V557,557,,MISSING_DIRECT_ARTIFACT,0,
V558,558,,RESULT_ARTIFACT_PRESERVED,1,FIGURE
V559,559,,RESULT_ARTIFACT_PRESERVED,1,FIGURE
V560,560,,RESULT_ARTIFACT_PRESERVED,1,FIGURE
V561,561,,RESULT_ARTIFACT_PRESERVED,1,FIGURE
V562,562,,RESULT_ARTIFACT_PRESERVED,1,FIGURE
V563,563,,MISSING_DIRECT_ARTIFACT,0,
V564,564,,MISSING_DIRECT_ARTIFACT,0,
V565,565,,MISSING_DIRECT_ARTIFACT,0,
V566,566,,RESULT_ARTIFACT_PRESERVED,1,FIGURE
V567,567,,RESULT_ARTIFACT_PRESERVED,1,FIGURE
V568,568,,RESULT_ARTIFACT_PRESERVED,1,FIGURE
V569,569,,RESULT_ARTIFACT_PRESERVED,1,FIGURE
V570,570,,RESULT_ARTIFACT_PRESERVED,1,FIGURE
V571,571,,MISSING_DIRECT_ARTIFACT,0,
V572,572,,RESULT_ARTIFACT_PRESERVED,1,RESULT_JSON
V573,573,,RESULT_ARTIFACT_PRESERVED,1,FIGURE
V574,574,,MISSING_DIRECT_ARTIFACT,0,
V575,575,,MISSING_DIRECT_ARTIFACT,0,
V576,576,,MISSING_DIRECT_ARTIFACT,0,
V577,577,,RESULT_ARTIFACT_PRESERVED,1,FIGURE
V578,578,,MISSING_DIRECT_ARTIFACT,0,
V579,579,,RESULT_ARTIFACT_PRESERVED,1,FIGURE
V580,580,,RESULT_ARTIFACT_PRESERVED,1,RESULT_JSON
V581,581,,MISSING_DIRECT_ARTIFACT,0,
V582,582,,MISSING_DIRECT_ARTIFACT,0,
V583,583,,MISSING_DIRECT_ARTIFACT,0,
V584,584,,RESULT_ARTIFACT_PRESERVED,1,FIGURE
V585,585,,RESULT_ARTIFACT_PRESERVED,1,FIGURE
V586,586,,RESULT_ARTIFACT_PRESERVED,1,FIGURE
V587,587,,RESULT_ARTIFACT_PRESERVED,1,FIGURE
V588,588,,RESULT_ARTIFACT_PRESERVED,3,FIGURE;RESULT_JSON
V589,589,,RESULT_ARTIFACT_PRESERVED,1,FIGURE
V590,590,,MISSING_DIRECT_ARTIFACT,0,
V591,591,,RESULT_ARTIFACT_PRESERVED,1,FIGURE
V592,592,,RESULT_ARTIFACT_PRESERVED,1,FIGURE
V593,593,,RESULT_ARTIFACT_PRESERVED,1,FIGURE
V594,594,,RESULT_ARTIFACT_PRESERVED,1,FIGURE
V595,595,,MISSING_DIRECT_ARTIFACT,0,
V596,596,,RESULT_ARTIFACT_PRESERVED,1,FIGURE
V597,597,,MISSING_DIRECT_ARTIFACT,0,
V598,598,,RESULT_ARTIFACT_PRESERVED,1,FIGURE
V599,599,,MISSING_DIRECT_ARTIFACT,0,
V600,600,,RESULT_ARTIFACT_PRESERVED,1,FIGURE
V601,601,,MISSING_DIRECT_ARTIFACT,0,
V602,602,,MISSING_DIRECT_ARTIFACT,0,
V603,603,,MISSING_DIRECT_ARTIFACT,0,
V604,604,,RESULT_ARTIFACT_PRESERVED,1,FIGURE
V605,605,,MISSING_DIRECT_ARTIFACT,0,
V606,606,,MISSING_DIRECT_ARTIFACT,0,
V607,607,,MISSING_DIRECT_ARTIFACT,0,
V608,608,,RESULT_ARTIFACT_PRESERVED,1,FIGURE
V609,609,,RESULT_ARTIFACT_PRESERVED,1,RESULT_JSON
V610,610,,RESULT_ARTIFACT_PRESERVED,1,FIGURE
V611,611,,RESULT_ARTIFACT_PRESERVED,1,FIGURE
V612,612,,RESULT_ARTIFACT_PRESERVED,1,FIGURE
V613,613,,MISSING_DIRECT_ARTIFACT,0,
V614,614,,MISSING_DIRECT_ARTIFACT,0,
V615,615,,MISSING_DIRECT_ARTIFACT,0,
V616,616,,MISSING_DIRECT_ARTIFACT,0,
V617,617,,MISSING_DIRECT_ARTIFACT,0,
V618,618,,MISSING_DIRECT_ARTIFACT,0,
V619,619,,MISSING_DIRECT_ARTIFACT,0,
V620,620,,MISSING_DIRECT_ARTIFACT,0,
V621,621,,MISSING_DIRECT_ARTIFACT,0,
V622,622,,MISSING_DIRECT_ARTIFACT,0,
V623,623,,MISSING_DIRECT_ARTIFACT,0,
V624,624,,MISSING_DIRECT_ARTIFACT,0,
V625,625,,MISSING_DIRECT_ARTIFACT,0,
V626,626,,RESULT_ARTIFACT_PRESERVED,1,FIGURE
V627,627,,MISSING_DIRECT_ARTIFACT,0,
V628,628,,RESULT_ARTIFACT_PRESERVED,1,FIGURE
V629,629,,MISSING_DIRECT_ARTIFACT,0,
V630,630,,MISSING_DIRECT_ARTIFACT,0,
V631,631,,MISSING_DIRECT_ARTIFACT,0,
V632,632,,MISSING_DIRECT_ARTIFACT,0,
V633,633,,MISSING_DIRECT_ARTIFACT,0,
V634,634,,RESULT_ARTIFACT_PRESERVED,1,FIGURE
V635,635,,MISSING_DIRECT_ARTIFACT,0,
V636,636,,RESULT_ARTIFACT_PRESERVED,1,FIGURE
V637,637,,MISSING_DIRECT_ARTIFACT,0,
V638,638,,MISSING_DIRECT_ARTIFACT,0,
V639,639,,MISSING_DIRECT_ARTIFACT,0,
V640,640,,MISSING_DIRECT_ARTIFACT,0,
V641,641,,RESULT_ARTIFACT_PRESERVED,1,FIGURE
V642,642,,MISSING_DIRECT_ARTIFACT,0,
V643,643,,RESULT_ARTIFACT_PRESERVED,1,FIGURE
V644,644,,MISSING_DIRECT_ARTIFACT,0,
V645,645,,MISSING_DIRECT_ARTIFACT,0,
V646,646,,MISSING_DIRECT_ARTIFACT,0,
V647,647,,MISSING_DIRECT_ARTIFACT,0,
V648,648,,MISSING_DIRECT_ARTIFACT,0,
V649,649,,MISSING_DIRECT_ARTIFACT,0,
V650,650,,MISSING_DIRECT_ARTIFACT,0,
V651,651,,MISSING_DIRECT_ARTIFACT,0,
V652,652,,MISSING_DIRECT_ARTIFACT,0,
V653,653,,MISSING_DIRECT_ARTIFACT,0,
V654,654,,MISSING_DIRECT_ARTIFACT,0,
V655,655,,MISSING_DIRECT_ARTIFACT,0,
V656,656,,MISSING_DIRECT_ARTIFACT,0,
V657,657,,RESULT_ARTIFACT_PRESERVED,1,FIGURE
V658,658,,MISSING_DIRECT_ARTIFACT,0,
V659,659,,RESULT_ARTIFACT_PRESERVED,1,RESULT_JSON
V660,660,,MISSING_DIRECT_ARTIFACT,0,
V661,661,,MISSING_DIRECT_ARTIFACT,0,
V662,662,,MISSING_DIRECT_ARTIFACT,0,
V663,663,,MISSING_DIRECT_ARTIFACT,0,
V664,664,,MISSING_DIRECT_ARTIFACT,0,
V665,665,,RESULT_ARTIFACT_PRESERVED,1,RESULT_JSON
V666,666,,MISSING_DIRECT_ARTIFACT,0,
V667,667,,RESULT_ARTIFACT_PRESERVED,1,RESULT_JSON
V668,668,,MISSING_DIRECT_ARTIFACT,0,
V669,669,,MISSING_DIRECT_ARTIFACT,0,
V670,670,,MISSING_DIRECT_ARTIFACT,0,
V671,671,,MISSING_DIRECT_ARTIFACT,0,
V672,672,,RESULT_ARTIFACT_PRESERVED,1,RESULT_JSON
V673,673,,RESULT_ARTIFACT_PRESERVED,1,RESULT_JSON
V674,674,,MISSING_DIRECT_ARTIFACT,0,
V675,675,,RESULT_ARTIFACT_PRESERVED,1,RESULT_JSON
V676,676,,MISSING_DIRECT_ARTIFACT,0,
V677,677,,RESULT_ARTIFACT_PRESERVED,1,RESULT_JSON
V678,678,,MISSING_DIRECT_ARTIFACT,0,
V679,679,,MISSING_DIRECT_ARTIFACT,0,
V680,680,,MISSING_DIRECT_ARTIFACT,0,
V681,681,,MISSING_DIRECT_ARTIFACT,0,
V682,682,,MISSING_DIRECT_ARTIFACT,0,
V683,683,,MISSING_DIRECT_ARTIFACT,0,
V684,684,,MISSING_DIRECT_ARTIFACT,0,
V685,685,,MISSING_DIRECT_ARTIFACT,0,
V686,686,,MISSING_DIRECT_ARTIFACT,0,
V687,687,,MISSING_DIRECT_ARTIFACT,0,
V688,688,,MISSING_DIRECT_ARTIFACT,0,
V689,689,,MISSING_DIRECT_ARTIFACT,0,
V690,690,,MISSING_DIRECT_ARTIFACT,0,
V691,691,,MISSING_DIRECT_ARTIFACT,0,
V692,692,,MISSING_DIRECT_ARTIFACT,0,
V693,693,,RESULT_ARTIFACT_PRESERVED,1,RESULT_JSON
V694,694,,RESULT_ARTIFACT_PRESERVED,1,RESULT_JSON
V695,695,,RESULT_ARTIFACT_PRESERVED,1,RESULT_JSON
V696,696,,MISSING_DIRECT_ARTIFACT,0,
V697,697,,MISSING_DIRECT_ARTIFACT,0,
V698,698,,MISSING_DIRECT_ARTIFACT,0,
V699,699,,MISSING_DIRECT_ARTIFACT,0,
V700,700,,RESULT_ARTIFACT_PRESERVED,1,RESULT_JSON
V701,701,,MISSING_DIRECT_ARTIFACT,0,
V702,702,,RESULT_ARTIFACT_PRESERVED,1,RESULT_JSON
V703,703,,RESULT_ARTIFACT_PRESERVED,1,RESULT_JSON
V704,704,,RESULT_ARTIFACT_PRESERVED,1,RESULT_JSON
V705,705,,RESULT_ARTIFACT_PRESERVED,1,RESULT_JSON
V706,706,,RESULT_ARTIFACT_PRESERVED,1,RESULT_JSON
V706B,706,B,RESULT_ARTIFACT_PRESERVED,1,RESULT_JSON
V707,707,,RESULT_ARTIFACT_PRESERVED,1,RESULT_JSON
V708,708,,RESULT_ARTIFACT_PRESERVED,1,RESULT_JSON
V709,709,,MISSING_DIRECT_ARTIFACT,0,
V710,710,,MISSING_DIRECT_ARTIFACT,0,
V711,711,,MISSING_DIRECT_ARTIFACT,0,
V712,712,,RESULT_ARTIFACT_PRESERVED,1,RESULT_JSON
V713,713,,MISSING_DIRECT_ARTIFACT,0,
V714,714,,RESULT_ARTIFACT_PRESERVED,1,RESULT_JSON
V715,715,,MISSING_DIRECT_ARTIFACT,0,
V716,716,,MISSING_DIRECT_ARTIFACT,0,
V717,717,,MISSING_DIRECT_ARTIFACT,0,
V718,718,,RESULT_ARTIFACT_PRESERVED,1,RESULT_JSON
V719,719,,MISSING_DIRECT_ARTIFACT,0,
V720,720,,MISSING_DIRECT_ARTIFACT,0,
V720B,720,B,RESULT_ARTIFACT_PRESERVED,1,RESULT_JSON
V721,721,,RESULT_ARTIFACT_PRESERVED,1,RESULT_JSON
V722,722,,MISSING_DIRECT_ARTIFACT,0,
V723,723,,MISSING_DIRECT_ARTIFACT,0,
V724,724,,MISSING_DIRECT_ARTIFACT,0,
V725,725,,RESULT_ARTIFACT_PRESERVED,1,RESULT_JSON
V726,726,,RESULT_ARTIFACT_PRESERVED,1,RESULT_JSON
V727,727,,RESULT_ARTIFACT_PRESERVED,1,RESULT_JSON
V728,728,,MISSING_DIRECT_ARTIFACT,0,
V728B,728,B,RESULT_ARTIFACT_PRESERVED,1,RESULT_JSON
V729,729,,MISSING_DIRECT_ARTIFACT,0,
V730,730,,RESULT_ARTIFACT_PRESERVED,1,RESULT_JSON
V731,731,,MISSING_DIRECT_ARTIFACT,0,
V732,732,,MISSING_DIRECT_ARTIFACT,0,
V732B,732,B,RESULT_ARTIFACT_PRESERVED,1,RESULT_JSON
V733,733,,RESULT_ARTIFACT_PRESERVED,1,RESULT_JSON
V734,734,,RESULT_ARTIFACT_PRESERVED,1,RESULT_JSON
V735,735,,MISSING_DIRECT_ARTIFACT,0,
V736,736,,RESULT_ARTIFACT_PRESERVED,1,RESULT_JSON
V737,737,,RESULT_ARTIFACT_PRESERVED,1,RESULT_JSON
V738,738,,MISSING_DIRECT_ARTIFACT,0,
V738D,738,D,RESULT_ARTIFACT_PRESERVED,1,RESULT_JSON
V739,739,,MISSING_DIRECT_ARTIFACT,0,
V739B,739,B,RESULT_ARTIFACT_PRESERVED,1,RESULT_JSON
V740,740,,RESULT_ARTIFACT_PRESERVED,1,RESULT_JSON
V741,741,,MISSING_DIRECT_ARTIFACT,0,
V741B,741,B,RESULT_ARTIFACT_PRESERVED,1,RESULT_JSON
V742,742,,MISSING_DIRECT_ARTIFACT,0,
V742B,742,B,RESULT_ARTIFACT_PRESERVED,1,RESULT_JSON
V743,743,,RESULT_ARTIFACT_PRESERVED,1,RESULT_JSON
V744,744,,DOCUMENTED_IN_LOG,2,ARCHIVE;MARKDOWN
V745,745,,MISSING_DIRECT_ARTIFACT,0,
V746,746,,MISSING_DIRECT_ARTIFACT,0,
V747,747,,MISSING_DIRECT_ARTIFACT,0,
V747B,747,B,RESULT_ARTIFACT_PRESERVED,1,RESULT_JSON
V748,748,,MISSING_DIRECT_ARTIFACT,0,
V749,749,,MISSING_DIRECT_ARTIFACT,0,
V750,750,,MISSING_DIRECT_ARTIFACT,0,
V751,751,,RESULT_ARTIFACT_PRESERVED,1,RESULT_JSON
V752,752,,MISSING_DIRECT_ARTIFACT,0,
V753,753,,MISSING_DIRECT_ARTIFACT,0,
V754,754,,MISSING_DIRECT_ARTIFACT,0,
V755,755,,RESULT_ARTIFACT_PRESERVED,1,RESULT_JSON
V756,756,,RESULT_ARTIFACT_PRESERVED,1,RESULT_JSON
V757,757,,MISSING_DIRECT_ARTIFACT,0,
V758,758,,RESULT_ARTIFACT_PRESERVED,1,RESULT_JSON
V759,759,,RESULT_ARTIFACT_PRESERVED,1,RESULT_JSON
V760,760,,RESULT_ARTIFACT_PRESERVED,1,RESULT_JSON
V761,761,,MISSING_DIRECT_ARTIFACT,0,
V762,762,,MISSING_DIRECT_ARTIFACT,0,
V763,763,,MISSING_DIRECT_ARTIFACT,0,
V764,764,,MISSING_DIRECT_ARTIFACT,0,
V765,765,,MISSING_DIRECT_ARTIFACT,0,
V766,766,,MISSING_DIRECT_ARTIFACT,0,
V767,767,,MISSING_DIRECT_ARTIFACT,0,
V768,768,,MISSING_DIRECT_ARTIFACT,0,
V769,769,,MISSING_DIRECT_ARTIFACT,0,
V769B,769,B,DOCUMENTED_IN_LOG,2,ARCHIVE;MARKDOWN
V770,770,,DOCUMENTED_IN_LOG,2,ARCHIVE;MARKDOWN
V771,771,,MISSING_DIRECT_ARTIFACT,0,
V772,772,,MISSING_DIRECT_ARTIFACT,0,
V773,773,,MISSING_DIRECT_ARTIFACT,0,
V774,774,,MISSING_DIRECT_ARTIFACT,0,
V775,775,,MISSING_DIRECT_ARTIFACT,0,
V776,776,,MISSING_DIRECT_ARTIFACT,0,
V777,777,,MISSING_DIRECT_ARTIFACT,0,
V778,778,,DOCUMENTED_IN_LOG,2,ARCHIVE;MARKDOWN
V779,779,,DOCUMENTED_IN_LOG,2,ARCHIVE;MARKDOWN
V780,780,,MISSING_DIRECT_ARTIFACT,0,
V781,781,,MISSING_DIRECT_ARTIFACT,0,
V782,782,,MISSING_DIRECT_ARTIFACT,0,
V783,783,,MISSING_DIRECT_ARTIFACT,0,
V784,784,,DOCUMENTED_IN_LOG,2,ARCHIVE;MARKDOWN
V785,785,,MISSING_DIRECT_ARTIFACT,0,
V786,786,,MISSING_DIRECT_ARTIFACT,0,
V786B,786,B,RESULT_ARTIFACT_PRESERVED,1,RESULT_JSON
V787,787,,MISSING_DIRECT_ARTIFACT,0,
V788,788,,MISSING_DIRECT_ARTIFACT,0,
V789,789,,RESULT_ARTIFACT_PRESERVED,1,RESULT_JSON
V790,790,,RESULT_ARTIFACT_PRESERVED,1,RESULT_JSON
V791,791,,MISSING_DIRECT_ARTIFACT,0,
V792,792,,MISSING_DIRECT_ARTIFACT,0,
V793,793,,MISSING_DIRECT_ARTIFACT,0,
V794,794,,MISSING_DIRECT_ARTIFACT,0,
V795,795,,MISSING_DIRECT_ARTIFACT,0,
V796,796,,MISSING_DIRECT_ARTIFACT,0,
V797,797,,MISSING_DIRECT_ARTIFACT,0,
V798,798,,MISSING_DIRECT_ARTIFACT,0,
V799,799,,MISSING_DIRECT_ARTIFACT,0,
V800,800,,MISSING_DIRECT_ARTIFACT,0,
V801,801,,DOCUMENTED_IN_LOG,2,ARCHIVE;MARKDOWN
V802,802,,MISSING_DIRECT_ARTIFACT,0,
V803,803,,MISSING_DIRECT_ARTIFACT,0,
V804,804,,MISSING_DIRECT_ARTIFACT,0,
V805,805,,MISSING_DIRECT_ARTIFACT,0,
V806,806,,MISSING_DIRECT_ARTIFACT,0,
V807,807,,MISSING_DIRECT_ARTIFACT,0,
V808,808,,MISSING_DIRECT_ARTIFACT,0,
V809,809,,MISSING_DIRECT_ARTIFACT,0,
V810,810,,MISSING_DIRECT_ARTIFACT,0,
V811,811,,MISSING_DIRECT_ARTIFACT,0,
V812,812,,MISSING_DIRECT_ARTIFACT,0,
V812B,812,B,DOCUMENTED_IN_LOG,2,ARCHIVE;MARKDOWN
V813,813,,RESULT_ARTIFACT_PRESERVED,3,ARCHIVE;MARKDOWN;RESULT_JSON
V814,814,,RESULT_ARTIFACT_PRESERVED,1,RESULT_JSON
V815,815,,RESULT_ARTIFACT_PRESERVED,1,RESULT_JSON
V816,816,,RESULT_ARTIFACT_PRESERVED,1,RESULT_JSON
V817,817,,RESULT_ARTIFACT_PRESERVED,1,RESULT_JSON
V817B,817,B,RESULT_ARTIFACT_PRESERVED,1,RESULT_JSON
V818,818,,RESULT_ARTIFACT_PRESERVED,1,RESULT_JSON
V819,819,,RESULT_ARTIFACT_PRESERVED,1,RESULT_JSON
V820,820,,RESULT_ARTIFACT_PRESERVED,1,RESULT_JSON
V820B,820,B,RESULT_ARTIFACT_PRESERVED,1,RESULT_JSON
V821,821,,RESULT_ARTIFACT_PRESERVED,1,RESULT_JSON
V821B,821,B,RESULT_ARTIFACT_PRESERVED,1,RESULT_JSON
V822,822,,RESULT_ARTIFACT_PRESERVED,1,RESULT_JSON
V823,823,,RESULT_ARTIFACT_PRESERVED,1,RESULT_JSON
V823C,823,C,RESULT_ARTIFACT_PRESERVED,1,RESULT_JSON
V824,824,,RESULT_ARTIFACT_PRESERVED,1,RESULT_JSON
V824B,824,B,RESULT_ARTIFACT_PRESERVED,1,RESULT_JSON
V825,825,,RESULT_ARTIFACT_PRESERVED,1,RESULT_JSON
V826,826,,RESULT_ARTIFACT_PRESERVED,1,RESULT_JSON
V826B,826,B,RESULT_ARTIFACT_PRESERVED,1,RESULT_JSON
V827,827,,RESULT_ARTIFACT_PRESERVED,3,ARCHIVE;MARKDOWN;RESULT_JSON
V828,828,,RESULT_ARTIFACT_PRESERVED,3,ARCHIVE;MARKDOWN;RESULT_JSON
V828B,828,B,RESULT_ARTIFACT_PRESERVED,1,RESULT_JSON
V828C,828,C,RESULT_ARTIFACT_PRESERVED,1,RESULT_JSON
V829,829,,RESULT_ARTIFACT_PRESERVED,1,RESULT_JSON
V829B,829,B,RESULT_ARTIFACT_PRESERVED,1,RESULT_JSON
V830,830,,RESULT_ARTIFACT_PRESERVED,1,RESULT_JSON
V830B,830,B,RESULT_ARTIFACT_PRESERVED,1,RESULT_JSON
V831,831,,RESULT_ARTIFACT_PRESERVED,1,RESULT_JSON
V832,832,,RESULT_ARTIFACT_PRESERVED,1,RESULT_JSON
V833,833,,RESULT_ARTIFACT_PRESERVED,1,RESULT_JSON
V833B,833,B,RESULT_ARTIFACT_PRESERVED,1,RESULT_JSON
V834,834,,RESULT_ARTIFACT_PRESERVED,1,RESULT_JSON
V834B,834,B,RESULT_ARTIFACT_PRESERVED,1,RESULT_JSON
V835,835,,RESULT_ARTIFACT_PRESERVED,1,RESULT_JSON
V836,836,,RESULT_ARTIFACT_PRESERVED,3,ARCHIVE;MARKDOWN;RESULT_JSON
