generation,fitness,accuracy,mse,hidden_cells,edges
0.0,-0.477397777183854,0.6875,0.821147777183854,0.0,7.0
1.0,-0.35964342002931204,0.75,0.734643420029312,1.0,12.0
2.0,-0.20733166573093942,0.875,0.6448316657309394,1.0,13.0
3.0,-0.1394424619505138,0.875,0.5769424619505138,1.0,12.0
4.0,-0.09628411217440713,0.875,0.5337841121744071,1.0,11.0
5.0,-0.09399638798063714,0.875,0.5314963879806371,2.0,17.0
6.0,-0.07775775052508371,0.875,0.5152577505250837,1.0,13.0
7.0,-0.0731942397778853,0.875,0.5106942397778853,2.0,22.0
8.0,-0.06902506381464368,0.875,0.5065250638146437,2.0,22.0
9.0,-0.06813733833675628,0.875,0.5056373383367563,2.0,22.0
10.0,-0.06425046794628897,0.875,0.501750467946289,2.0,17.0
11.0,-0.06370737376447266,0.875,0.5012073737644727,3.0,27.0
12.0,-0.06321899717681012,0.875,0.5007189971768101,3.0,28.0
13.0,-0.06300313870602481,0.875,0.5005031387060248,9.0,68.0
14.0,-0.06285671445068408,0.875,0.5003567144506841,9.0,68.0
15.0,-0.06276907285451294,0.875,0.5002690728545129,9.0,68.0
16.0,-0.06256361810787103,0.875,0.500063618107871,5.0,41.0
17.0,-0.06256361810787103,0.875,0.500063618107871,5.0,41.0
18.0,-0.06253082499717766,0.875,0.5000308249971777,6.0,56.0
19.0,-0.06252376406790816,0.875,0.5000237640679082,6.0,51.0
20.0,-0.06250974295057454,0.875,0.5000097429505745,4.0,34.0
21.0,-0.06250618904573135,0.875,0.5000061890457314,6.0,51.0
22.0,-0.06250242131824835,0.875,0.5000024213182483,6.0,51.0
23.0,-0.06250118777393054,0.875,0.5000011877739305,6.0,51.0
24.0,-0.06250118777393054,0.875,0.5000011877739305,6.0,51.0
25.0,-0.06250045895518852,0.875,0.5000004589551885,6.0,52.0
26.0,-0.06250004521868413,0.875,0.5000000452186841,8.0,64.0
27.0,-0.06250002684816947,0.875,0.5000000268481695,9.0,73.0
28.0,-0.06250001943763417,0.875,0.5000000194376342,9.0,77.0
29.0,-0.06250000341364903,0.875,0.500000003413649,10.0,85.0
30.0,-0.06250000154617774,0.875,0.5000000015461777,10.0,85.0
31.0,-0.06250000055895888,0.875,0.5000000005589589,10.0,84.0
32.0,-0.06250000008939915,0.875,0.5000000000893992,9.0,80.0
33.0,-0.062500000055703,0.875,0.500000000055703,9.0,80.0
34.0,-0.06250000000647771,0.875,0.5000000000064777,8.0,67.0
35.0,-0.06250000000166589,0.875,0.5000000000016659,8.0,67.0
36.0,-0.06250000000056044,0.875,0.5000000000005604,9.0,77.0
37.0,-0.06250000000017997,0.875,0.50000000000018,9.0,75.0
38.0,-0.06250000000002709,0.875,0.5000000000000271,9.0,77.0
39.0,-0.06250000000000488,0.875,0.5000000000000049,10.0,84.0
40.0,-0.06250000000000067,0.875,0.5000000000000007,9.0,77.0
41.0,-0.062499999999988676,0.875,0.4999999999999887,9.0,80.0
42.0,-0.06249999999989847,0.875,0.49999999999989847,10.0,86.0
43.0,-0.06249999999988143,0.875,0.49999999999988143,10.0,87.0
44.0,-0.06249999999978839,0.875,0.4999999999997884,10.0,86.0
45.0,-0.06249999999897349,0.875,0.4999999999989735,12.0,104.0
46.0,-0.0624999999976118,0.875,0.4999999999976118,12.0,104.0
47.0,-0.06249999999419853,0.875,0.49999999999419853,12.0,104.0
48.0,-0.062499999914637894,0.875,0.4999999999146379,12.0,104.0
49.0,-0.062499999270709705,0.875,0.4999999992707097,11.0,95.0
50.0,-0.06249999881083956,0.875,0.49999999881083956,11.0,95.0
51.0,-0.0624999947474999,0.875,0.4999999947474999,11.0,94.0
52.0,-0.06249999251766403,0.875,0.499999992517664,12.0,106.0
53.0,-0.06249993195531267,0.875,0.49999993195531267,12.0,106.0
54.0,-0.06249947060827482,0.875,0.4999994706082748,12.0,105.0
55.0,-0.0624992853788674,0.875,0.4999992853788674,12.0,106.0
56.0,-0.06249781950656941,0.875,0.4999978195065694,12.0,105.0
57.0,-0.062497385208382106,0.875,0.4999973852083821,12.0,106.0
58.0,-0.062484349859718236,0.875,0.49998434985971824,11.0,96.0
59.0,-0.062410607754389,0.875,0.499910607754389,12.0,111.0
60.0,-0.06234902954277788,0.875,0.4998490295427779,12.0,110.0
61.0,-0.06207372478600032,0.875,0.4995737247860003,12.0,113.0
62.0,-0.05489274553903545,0.875,0.49239274553903545,12.0,112.0
63.0,0.01753774023901722,0.875,0.4199622597609828,11.0,104.0
64.0,0.07876244934301851,0.875,0.3587375506569815,11.0,104.0
65.0,0.15795785733404555,0.9375,0.31079214266595445,11.0,104.0
66.0,0.19528686020439867,0.9375,0.27346313979560133,12.0,111.0
67.0,0.2777504854255834,1.0,0.18414951457441658,11.0,105.0
68.0,0.3274919135598736,0.9375,0.1412580864401264,12.0,113.0
69.0,0.3274919135598736,0.9375,0.1412580864401264,12.0,113.0
70.0,0.3883812510186952,1.0,0.06961874898130482,12.0,116.0
71.0,0.3967153424402933,1.0,0.06218465755970669,12.0,113.0
72.0,0.42590636063445386,1.0,0.03299363936554618,12.0,113.0
73.0,0.4336984863486497,1.0,0.024601513651350267,12.0,115.0
74.0,0.4385993890225954,1.0,0.0197006109774046,12.0,115.0
75.0,0.4515192382229895,1.0,0.010380761777010472,11.0,105.0
76.0,0.45590049285382855,1.0,0.0020995071461714886,12.0,116.0
77.0,0.45590049285382855,1.0,0.0020995071461714886,12.0,116.0
78.0,0.45670232369223407,1.0,0.0012976763077659722,12.0,116.0
79.0,0.45670232369223407,1.0,0.0012976763077659722,12.0,116.0
80.0,0.4569105038263432,1.0,0.0010894961736568113,12.0,116.0
81.0,0.458028906235559,1.0,0.00027109376444102044,12.0,115.0
82.0,0.4580613628965561,1.0,0.00023863710344390653,12.0,115.0
83.0,0.45817633968258314,1.0,0.002823660317416885,11.0,108.0
84.0,0.461385516914029,1.0,0.00021448308597101466,11.0,106.0
85.0,0.46138671961832206,1.0,0.00021328038167795735,11.0,106.0
86.0,0.4617484632054527,1.0,0.0001515367945472686,11.0,105.0
87.0,0.46212455479694875,1.0,0.0021754452030512206,10.0,99.0
88.0,0.465604641463756,1.0,0.0028953585362439605,9.0,87.0
89.0,0.4669559471899346,1.0,0.00154405281006537,9.0,87.0
90.0,0.4669559471899346,1.0,0.00154405281006537,9.0,87.0
91.0,0.46708774711006984,1.0,0.0014122528899301332,9.0,87.0
92.0,0.46708774711006984,1.0,0.0014122528899301332,9.0,87.0
93.0,0.46779880433210863,1.0,0.00040119566789139423,9.0,88.0
94.0,0.46816102120199027,1.0,0.0006389787980097171,9.0,86.0
95.0,0.46816102120199027,1.0,0.0006389787980097171,9.0,86.0
96.0,0.46833539971255556,1.0,0.0004646002874444603,9.0,86.0
97.0,0.4684905818916859,1.0,9.418108314055506e-06,9.0,87.0
98.0,0.4686720980780391,1.0,0.0001279019219608674,9.0,86.0
99.0,0.4687691162910754,1.0,3.088370892457978e-05,9.0,86.0
100.0,0.4687691162910754,1.0,3.088370892457978e-05,9.0,86.0
101.0,0.4688920450225522,1.0,0.00020795497744780772,9.0,85.0
102.0,0.469074729109937,1.0,2.527089006296608e-05,9.0,85.0
103.0,0.46936251428993336,1.0,3.748571006663009e-05,9.0,84.0
104.0,0.4693625807337256,1.0,3.741926627438667e-05,9.0,84.0
105.0,0.46958924331331253,1.0,0.00011075668668749556,9.0,83.0
106.0,0.46963498426279765,1.0,6.501573720236641e-05,9.0,83.0
107.0,0.4696611358946121,1.0,3.8864105387906876e-05,9.0,83.0
108.0,0.4696839711333168,1.0,1.6028866683213643e-05,9.0,83.0
109.0,0.4698342174444729,1.0,0.00016578255552713648,9.0,82.0
110.0,0.46996444449614233,1.0,3.555550385771722e-05,9.0,82.0
111.0,0.46997857265469584,1.0,2.1427345304217592e-05,9.0,82.0
112.0,0.47029350334975034,1.0,6.496650249637995e-06,9.0,81.0
113.0,0.47029527921123,1.0,4.720788770012074e-06,9.0,81.0
114.0,0.4705213400595447,1.0,7.865994045531643e-05,9.0,80.0
115.0,0.4705964860520538,1.0,3.5139479462230534e-06,9.0,80.0
116.0,0.47417830250518334,1.0,2.169749481667124e-05,8.0,70.0
117.0,0.47417830250518334,1.0,2.169749481667124e-05,8.0,70.0
118.0,0.4744446617742057,1.0,5.5338225794308494e-05,8.0,69.0
119.0,0.47568931490893257,1.0,1.068509106743046e-05,8.0,65.0
120.0,0.4777933063455416,1.0,6.693654458361448e-06,7.0,60.0
121.0,0.4780839504907099,1.0,1.60495092901513e-05,7.0,59.0
122.0,0.4783963961326015,1.0,3.603867398487996e-06,7.0,58.0
123.0,0.4783963961326015,1.0,3.603867398487996e-06,7.0,58.0
124.0,0.47950669803370116,1.0,0.001593301966298852,6.0,51.0
125.0,0.4799989530523844,1.0,0.0005010469476156192,6.0,53.0
126.0,0.4813552766389842,1.0,4.472336101579653e-05,6.0,50.0
127.0,0.48145527603344457,1.0,0.0002447239665554383,6.0,49.0
128.0,0.48145527603344457,1.0,0.0002447239665554383,6.0,49.0
129.0,0.4816425244409557,1.0,0.00035747555904432565,6.0,48.0
130.0,0.4816906577656895,1.0,9.34223431052716e-06,6.0,49.0
131.0,0.4825778459331036,1.0,2.215406689639022e-05,6.0,46.0
132.0,0.4825778459331036,1.0,2.215406689639022e-05,6.0,46.0
133.0,0.4825778459331036,1.0,2.215406689639022e-05,6.0,46.0
134.0,0.48288325820490485,1.0,1.674179509515654e-05,6.0,45.0
135.0,0.4843463215126286,1.0,5.36784873714237e-05,5.0,42.0
136.0,0.48450093968284713,1.0,0.0001990603171529,5.0,41.0
137.0,0.48450093968284713,1.0,0.0001990603171529,5.0,41.0
138.0,0.48450093968284713,1.0,0.0001990603171529,5.0,41.0
139.0,0.4846998556322967,1.0,1.4436770332100476e-07,5.0,41.0
140.0,0.4849628431854699,1.0,3.715681453010948e-05,5.0,40.0
141.0,0.4849830131734494,1.0,1.6986826550590914e-05,5.0,40.0
142.0,0.4852692170641162,1.0,3.0782935883815626e-05,5.0,39.0
143.0,0.4852692170641162,1.0,3.0782935883815626e-05,5.0,39.0
144.0,0.48662534943735103,1.0,0.0010746505626489829,4.0,33.0
145.0,0.48662534943735103,1.0,0.0010746505626489829,4.0,33.0
146.0,0.4871414793703478,1.0,0.0008585206296521778,4.0,32.0
147.0,0.4871414793703478,1.0,0.0008585206296521778,4.0,32.0
148.0,0.4871713409792003,1.0,0.0005286590207997264,4.0,33.0
149.0,0.4873789101252273,1.0,0.0006210898747726857,4.0,32.0
150.0,0.4874139927453132,1.0,0.0005860072546867975,4.0,32.0
151.0,0.4874139927453132,1.0,0.0005860072546867975,4.0,32.0
152.0,0.4879990846925896,1.0,0.0003009153074103735,4.0,31.0
153.0,0.4879990846925896,1.0,0.0003009153074103735,4.0,31.0
154.0,0.4881076615867779,1.0,0.00019233841322212813,4.0,31.0
155.0,0.48810916141994015,1.0,0.00019083858005983993,4.0,31.0
156.0,0.48833590227867346,1.0,0.00026409772132653174,4.0,30.0
157.0,0.4885495816217845,1.0,5.0418378215465895e-05,4.0,30.0
158.0,0.4885495816217845,1.0,5.0418378215465895e-05,4.0,30.0
159.0,0.4885793088659082,1.0,2.0691134091763113e-05,4.0,30.0
160.0,0.4888009520721345,1.0,9.904792786552248e-05,4.0,29.0
161.0,0.4888192112771428,1.0,8.07887228571948e-05,4.0,29.0
162.0,0.48885651840908007,1.0,4.348159091991795e-05,4.0,29.0
163.0,0.4891095839550276,1.0,9.041604497239561e-05,4.0,28.0
164.0,0.48914944121219184,1.0,5.055878780819013e-05,4.0,28.0
165.0,0.4891509371578534,1.0,4.906284214661906e-05,4.0,28.0
166.0,0.4894995905485175,1.0,4.0945148249947355e-07,4.0,27.0
167.0,0.4894995905485175,1.0,4.0945148249947355e-07,4.0,27.0
168.0,0.4897879642612825,1.0,1.2035738717523293e-05,4.0,26.0
169.0,0.4897993761046229,1.0,6.238953771399836e-07,4.0,26.0
170.0,0.4900896117775605,1.0,1.0388222439499166e-05,4.0,25.0
171.0,0.4903877835690839,1.0,1.2216430916077561e-05,4.0,24.0
172.0,0.4903877835690839,1.0,1.2216430916077561e-05,4.0,24.0
173.0,0.4903913518938967,1.0,8.648106103298046e-06,4.0,24.0
174.0,0.4906461093228366,1.0,5.3890677163455755e-05,4.0,23.0
175.0,0.4906461093228366,1.0,5.3890677163455755e-05,4.0,23.0
176.0,0.4906998373608585,1.0,1.626391415561913e-07,4.0,23.0
177.0,0.4909963560716011,1.0,3.6439283989111676e-06,4.0,22.0
178.0,0.4909983115412464,1.0,1.6884587536082753e-06,4.0,22.0
179.0,0.49129944755250093,1.0,5.524474990989776e-07,4.0,21.0
180.0,0.49129944755250093,1.0,5.524474990989776e-07,4.0,21.0
181.0,0.4912998093777951,1.0,1.906222049304378e-07,4.0,21.0
182.0,0.4915994960268091,1.0,5.039731909031316e-07,4.0,20.0
183.0,0.4915996135846551,1.0,3.86415344862576e-07,4.0,20.0
184.0,0.4915999627829826,1.0,3.721701736815873e-08,4.0,20.0
185.0,0.4930852527045136,1.0,1.4747295486421446e-05,3.0,17.0
186.0,0.4930852527045136,1.0,1.4747295486421446e-05,3.0,17.0
187.0,0.4930852527045136,1.0,1.4747295486421446e-05,3.0,17.0
188.0,0.49339577631420584,1.0,4.223685794147678e-06,3.0,16.0
189.0,0.4933962092551343,1.0,3.7907448657551015e-06,3.0,16.0
190.0,0.493520877767323,1.0,0.00017912223267699205,3.0,15.0
191.0,0.4936991090533762,1.0,8.909466237918916e-07,3.0,15.0
192.0,0.4936991640088987,1.0,8.35991101335647e-07,3.0,15.0
193.0,0.4936991640088987,1.0,8.35991101335647e-07,3.0,15.0
194.0,0.49369946245717566,1.0,5.375428243620109e-07,3.0,15.0
195.0,0.49369988687803734,1.0,1.1312196263932376e-07,3.0,15.0
196.0,0.493699957951127,1.0,4.2048872997596085e-08,3.0,15.0
197.0,0.4936999820224558,1.0,1.7977544251557176e-08,3.0,15.0
198.0,0.49369999896942895,1.0,1.0305710723966052e-09,3.0,15.0
199.0,0.49391210829121207,1.0,8.789170878789779e-05,3.0,14.0
200.0,0.49395191216038953,1.0,4.808783961043985e-05,3.0,14.0
201.0,0.49395191271514316,1.0,4.808728485682329e-05,3.0,14.0
202.0,0.493996409525144,1.0,3.5904748560098828e-06,3.0,14.0
203.0,0.4939967669664782,1.0,3.233033521767403e-06,3.0,14.0
204.0,0.49399676696689837,1.0,3.233033101644945e-06,3.0,14.0
205.0,0.4939994758280637,1.0,5.24171936282278e-07,3.0,14.0
206.0,0.4939994758280637,1.0,5.24171936282278e-07,3.0,14.0
207.0,0.4939994758280637,1.0,5.24171936282278e-07,3.0,14.0
208.0,0.4939994758280637,1.0,5.24171936282278e-07,3.0,14.0
209.0,0.4939994758280637,1.0,5.24171936282278e-07,3.0,14.0
210.0,0.4939994758280637,1.0,5.24171936282278e-07,3.0,14.0
211.0,0.4939994758280637,1.0,5.24171936282278e-07,3.0,14.0
212.0,0.49399960082447064,1.0,3.9917552933662634e-07,3.0,14.0
213.0,0.49399960082447064,1.0,3.9917552933662634e-07,3.0,14.0
214.0,0.4939996654429748,1.0,3.3455702519038527e-07,3.0,14.0
215.0,0.4939996654429748,1.0,3.3455702519038527e-07,3.0,14.0
216.0,0.4939996654429748,1.0,3.3455702519038527e-07,3.0,14.0
217.0,0.4939997671695293,1.0,2.3283047066625596e-07,3.0,14.0
218.0,0.4939997671695293,1.0,2.3283047066625596e-07,3.0,14.0
219.0,0.4939997671695293,1.0,2.3283047066625596e-07,3.0,14.0
220.0,0.49399983866841907,1.0,1.613315809179809e-07,3.0,14.0
221.0,0.49399983866841907,1.0,1.613315809179809e-07,3.0,14.0
222.0,0.4939998723020082,1.0,1.2769799179933062e-07,3.0,14.0
223.0,0.4939998723020082,1.0,1.2769799179933062e-07,3.0,14.0
224.0,0.4939998723020082,1.0,1.2769799179933062e-07,3.0,14.0
225.0,0.493999872856332,1.0,1.271436679652516e-07,3.0,14.0
226.0,0.49399990788856457,1.0,9.211143544168275e-08,3.0,14.0
227.0,0.493999907889075,1.0,9.211092499108505e-08,3.0,14.0
228.0,0.493999907889075,1.0,9.211092499108505e-08,3.0,14.0
229.0,0.4939999149232356,1.0,8.50767644126238e-08,3.0,14.0
230.0,0.49399996373993293,1.0,3.6260067080583234e-08,3.0,14.0
231.0,0.49399996373993293,1.0,3.6260067080583234e-08,3.0,14.0
232.0,0.49399996373993293,1.0,3.6260067080583234e-08,3.0,14.0
233.0,0.49399996373993293,1.0,3.6260067080583234e-08,3.0,14.0
234.0,0.49399996373993293,1.0,3.6260067080583234e-08,3.0,14.0
235.0,0.49399996373993293,1.0,3.6260067080583234e-08,3.0,14.0
236.0,0.49399998432082937,1.0,1.5679170639473134e-08,3.0,14.0
237.0,0.49399998432082937,1.0,1.5679170639473134e-08,3.0,14.0
238.0,0.49399998432082937,1.0,1.5679170639473134e-08,3.0,14.0
239.0,0.49399999573462083,1.0,4.265379149785385e-09,3.0,14.0
240.0,0.49399999573462083,1.0,4.265379149785385e-09,3.0,14.0
241.0,0.49399999573462083,1.0,4.265379149785385e-09,3.0,14.0
242.0,0.49399999573462083,1.0,4.265379149785385e-09,3.0,14.0
243.0,0.49399999573462083,1.0,4.265379149785385e-09,3.0,14.0
244.0,0.49399999573462083,1.0,4.265379149785385e-09,3.0,14.0
245.0,0.49399999573462083,1.0,4.265379149785385e-09,3.0,14.0
246.0,0.4939999959131255,1.0,4.08687450664461e-09,3.0,14.0
247.0,0.49399999788575005,1.0,2.1142499299104036e-09,3.0,14.0
248.0,0.49399999788575005,1.0,2.1142499299104036e-09,3.0,14.0
249.0,0.49399999812829265,1.0,1.871707330353341e-09,3.0,14.0
250.0,0.49399999812829265,1.0,1.871707330353341e-09,3.0,14.0
251.0,0.49399999870572475,1.0,1.294275253257391e-09,3.0,14.0
252.0,0.49399999870572475,1.0,1.294275253257391e-09,3.0,14.0
253.0,0.49399999870572475,1.0,1.294275253257391e-09,3.0,14.0
254.0,0.4939999992838435,1.0,7.161564591708987e-10,3.0,14.0
255.0,0.4939999992838435,1.0,7.161564591708987e-10,3.0,14.0
256.0,0.4939999992838435,1.0,7.161564591708987e-10,3.0,14.0
257.0,0.4939999992838435,1.0,7.161564591708987e-10,3.0,14.0
258.0,0.4939999992838435,1.0,7.161564591708987e-10,3.0,14.0
259.0,0.4939999996628846,1.0,3.371153718187311e-10,3.0,14.0
260.0,0.4939999996628846,1.0,3.371153718187311e-10,3.0,14.0
261.0,0.4939999996628846,1.0,3.371153718187311e-10,3.0,14.0
262.0,0.49399999966535946,1.0,3.34640555800207e-10,3.0,14.0
263.0,0.4939999996941976,1.0,3.058023724008627e-10,3.0,14.0
264.0,0.4939999998294585,1.0,1.7054144602250439e-10,3.0,14.0
265.0,0.4939999998294585,1.0,1.7054144602250439e-10,3.0,14.0
266.0,0.4939999998294585,1.0,1.7054144602250439e-10,3.0,14.0
267.0,0.493999999886058,1.0,1.1394195916237222e-10,3.0,14.0
268.0,0.493999999886058,1.0,1.1394195916237222e-10,3.0,14.0
269.0,0.493999999886058,1.0,1.1394195916237222e-10,3.0,14.0
270.0,0.4939999999541251,1.0,4.587491496098792e-11,3.0,14.0
271.0,0.4939999999541251,1.0,4.587491496098792e-11,3.0,14.0
272.0,0.4939999999541251,1.0,4.587491496098792e-11,3.0,14.0
273.0,0.493999999974253,1.0,2.5747029555787e-11,3.0,14.0
274.0,0.493999999974253,1.0,2.5747029555787e-11,3.0,14.0
275.0,0.493999999974253,1.0,2.5747029555787e-11,3.0,14.0
276.0,0.493999999974253,1.0,2.5747028625258172e-11,3.0,14.0
277.0,0.493999999974253,1.0,2.5747028625258172e-11,3.0,14.0
278.0,0.493999999974253,1.0,2.5747028625258172e-11,3.0,14.0
279.0,0.493999999974253,1.0,2.5747028625258172e-11,3.0,14.0
280.0,0.4939999999875856,1.0,1.2414424196130563e-11,3.0,14.0
281.0,0.4939999999875856,1.0,1.2414424196130563e-11,3.0,14.0
282.0,0.4939999999875856,1.0,1.2414424196130563e-11,3.0,14.0
283.0,0.4939999999875856,1.0,1.2414424196130563e-11,3.0,14.0
284.0,0.49399999998759797,1.0,1.2402025685765959e-11,3.0,14.0
285.0,0.49399999998759797,1.0,1.2402025685765959e-11,3.0,14.0
286.0,0.49399999998759797,1.0,1.2402025685765959e-11,3.0,14.0
287.0,0.49399999998759797,1.0,1.2402025685765959e-11,3.0,14.0
288.0,0.493999999995902,1.0,4.097993853718118e-12,3.0,14.0
289.0,0.493999999995902,1.0,4.097993853718118e-12,3.0,14.0
290.0,0.493999999995902,1.0,4.097993853718118e-12,3.0,14.0
291.0,0.49399999999673855,1.0,3.2614609213158525e-12,3.0,14.0
292.0,0.49399999999673855,1.0,3.2614609213158525e-12,3.0,14.0
293.0,0.49399999999673855,1.0,3.2614609213158525e-12,3.0,14.0
294.0,0.49399999999673855,1.0,3.2614609213158525e-12,3.0,14.0
295.0,0.49399999999673855,1.0,3.2614609213158525e-12,3.0,14.0
296.0,0.49399999999673855,1.0,3.2614609213158525e-12,3.0,14.0
297.0,0.49399999999673855,1.0,3.2614609213158525e-12,3.0,14.0
298.0,0.49399999999673855,1.0,3.2614609213158525e-12,3.0,14.0
299.0,0.4939999999981344,1.0,1.865614047029537e-12,3.0,14.0
300.0,0.4939999999981344,1.0,1.865614047029537e-12,3.0,14.0
301.0,0.4939999999981344,1.0,1.865614047029537e-12,3.0,14.0
302.0,0.4939999999981344,1.0,1.865614047029537e-12,3.0,14.0
303.0,0.4939999999981498,1.0,1.8501973142885693e-12,3.0,14.0
304.0,0.4939999999987341,1.0,1.2658507392947005e-12,3.0,14.0
305.0,0.4939999999987341,1.0,1.2658507392947005e-12,3.0,14.0
306.0,0.4939999999987378,1.0,1.2622367214855564e-12,3.0,14.0
307.0,0.49399999999875666,1.0,1.2433619188604096e-12,3.0,14.0
308.0,0.493999999998953,1.0,1.0470167439968309e-12,3.0,14.0
309.0,0.4939999999993819,1.0,6.180908887280068e-13,3.0,14.0
310.0,0.4939999999993819,1.0,6.180908887280068e-13,3.0,14.0
311.0,0.49399999999962363,1.0,3.763914629307234e-13,3.0,14.0
312.0,0.4939999999997312,1.0,2.6876469996913057e-13,3.0,14.0
313.0,0.4939999999998294,1.0,1.7056047760708195e-13,3.0,14.0
314.0,0.4939999999998294,1.0,1.7056047760708195e-13,3.0,14.0
315.0,0.49399999999988514,1.0,1.1487523664925397e-13,3.0,14.0
316.0,0.49399999999988514,1.0,1.1487523664925397e-13,3.0,14.0
317.0,0.49399999999988514,1.0,1.1487523664925397e-13,3.0,14.0
318.0,0.49399999999988514,1.0,1.1487523664925397e-13,3.0,14.0
319.0,0.49399999999988514,1.0,1.1487523664925397e-13,3.0,14.0
320.0,0.49399999999988514,1.0,1.1487523664925397e-13,3.0,14.0
321.0,0.4939999999999556,1.0,4.4389739541174986e-14,3.0,14.0
322.0,0.4939999999999556,1.0,4.4389739541174986e-14,3.0,14.0
323.0,0.4939999999999556,1.0,4.4389739541174986e-14,3.0,14.0
324.0,0.4939999999999556,1.0,4.4389739541174986e-14,3.0,14.0
325.0,0.4939999999999556,1.0,4.4389739541174986e-14,3.0,14.0
326.0,0.4939999999999556,1.0,4.4389739541174986e-14,3.0,14.0
327.0,0.4939999999999874,1.0,1.2578974257211853e-14,3.0,14.0
328.0,0.4939999999999874,1.0,1.2578974257211853e-14,3.0,14.0
329.0,0.4939999999999874,1.0,1.2578974257211853e-14,3.0,14.0
330.0,0.4939999999999874,1.0,1.2578974257211853e-14,3.0,14.0
331.0,0.4939999999999874,1.0,1.2578974257211853e-14,3.0,14.0
332.0,0.4939999999999874,1.0,1.2578974257211853e-14,3.0,14.0
333.0,0.4939999999999874,1.0,1.2578974257211853e-14,3.0,14.0
334.0,0.4939999999999874,1.0,1.2578974257211853e-14,3.0,14.0
335.0,0.4939999999999874,1.0,1.2578974257211853e-14,3.0,14.0
336.0,0.4939999999999874,1.0,1.2578974257211853e-14,3.0,14.0
337.0,0.4939999999999874,1.0,1.2578974257211853e-14,3.0,14.0
338.0,0.4939999999999874,1.0,1.2578974257211853e-14,3.0,14.0
339.0,0.4939999999999874,1.0,1.2578974257211853e-14,3.0,14.0
340.0,0.4939999999999958,1.0,4.228023474954345e-15,3.0,14.0
341.0,0.4939999999999958,1.0,4.228023474954345e-15,3.0,14.0
342.0,0.4939999999999964,1.0,3.627433359231567e-15,3.0,14.0
343.0,0.4939999999999966,1.0,3.3798048831922835e-15,3.0,14.0
344.0,0.4939999999999966,1.0,3.3798048831922835e-15,3.0,14.0
345.0,0.4939999999999966,1.0,3.3798048831922835e-15,3.0,14.0
346.0,0.4939999999999966,1.0,3.3798048831922835e-15,3.0,14.0
347.0,0.49399999999999755,1.0,2.4677372765096232e-15,3.0,14.0
348.0,0.49399999999999755,1.0,2.4677372765096232e-15,3.0,14.0
349.0,0.49399999999999844,1.0,1.54563664002354e-15,3.0,14.0
350.0,0.49399999999999844,1.0,1.5456366396453642e-15,3.0,14.0
351.0,0.49399999999999844,1.0,1.5456366396453642e-15,3.0,14.0
352.0,0.49399999999999844,1.0,1.5456366396453642e-15,3.0,14.0
353.0,0.4939999999999995,1.0,5.254536224954276e-16,3.0,14.0
354.0,0.4939999999999995,1.0,5.254536224954276e-16,3.0,14.0
355.0,0.4939999999999995,1.0,5.254536224954276e-16,3.0,14.0
356.0,0.4939999999999995,1.0,5.254536224954276e-16,3.0,14.0
357.0,0.49399999999999955,1.0,4.404670398909336e-16,3.0,14.0
358.0,0.49399999999999955,1.0,4.404670398909336e-16,3.0,14.0
359.0,0.49399999999999955,1.0,4.404670398909336e-16,3.0,14.0
360.0,0.49399999999999955,1.0,4.404670398909336e-16,3.0,14.0
361.0,0.49399999999999966,1.0,3.2800598540800607e-16,3.0,14.0
362.0,0.49399999999999966,1.0,3.2800598540800607e-16,3.0,14.0
363.0,0.4939999999999998,1.0,1.943329957246359e-16,3.0,14.0
364.0,0.49399999999999983,1.0,1.9415053040927153e-16,3.0,14.0
365.0,0.49399999999999983,1.0,1.9415053040927153e-16,3.0,14.0
366.0,0.49399999999999983,1.0,1.4538299135363928e-16,3.0,14.0
367.0,0.49399999999999983,1.0,1.543208656229698e-16,3.0,14.0
368.0,0.49399999999999983,1.0,1.9415053040927153e-16,3.0,14.0
369.0,0.49399999999999983,1.0,1.4838487492071444e-16,3.0,14.0
370.0,0.49399999999999994,1.0,5.119884376801493e-17,3.0,14.0
371.0,0.49399999999999994,1.0,5.119884376801493e-17,3.0,14.0
372.0,0.49399999999999994,1.0,5.119884376801493e-17,3.0,14.0
373.0,0.49399999999999994,1.0,5.119884376801493e-17,3.0,14.0
374.0,0.49399999999999994,1.0,5.119884376801493e-17,3.0,14.0
375.0,0.49399999999999994,1.0,5.119884376801493e-17,3.0,14.0
376.0,0.49399999999999994,1.0,5.119884376801493e-17,3.0,14.0
377.0,0.49399999999999994,1.0,5.898736282052607e-17,3.0,14.0
378.0,0.494,1.0,8.983130031788346e-18,3.0,14.0
379.0,0.494,1.0,8.983130031788346e-18,3.0,14.0
380.0,0.494,1.0,8.983130031788346e-18,3.0,14.0
381.0,0.494,1.0,8.983130031788346e-18,3.0,14.0
382.0,0.494,1.0,8.983130031788346e-18,3.0,14.0
383.0,0.494,1.0,6.7436180266030465e-18,3.0,14.0
384.0,0.494,1.0,1.992855230495485e-17,3.0,14.0
385.0,0.494,1.0,1.2031037528370721e-17,3.0,14.0
386.0,0.494,1.0,2.6699025487101127e-17,3.0,14.0
387.0,0.494,1.0,6.7436180266030465e-18,3.0,14.0
388.0,0.494,1.0,6.362855999652302e-18,3.0,14.0
389.0,0.494,1.0,2.5467208131259237e-17,3.0,14.0
390.0,0.494,1.0,2.7391865144664188e-17,3.0,14.0
391.0,0.494,1.0,5.252269276216486e-18,3.0,14.0
392.0,0.494,1.0,7.811413487167947e-18,3.0,14.0
393.0,0.494,1.0,1.553979752130848e-18,3.0,14.0
394.0,0.494,1.0,1.5563584047184647e-18,3.0,14.0
395.0,0.494,1.0,1.2351226910417945e-18,3.0,14.0
396.0,0.494,1.0,1.687841492944277e-17,3.0,14.0
397.0,0.494,1.0,2.669902545740955e-17,3.0,14.0
398.0,0.494,1.0,9.369294984518385e-18,3.0,14.0
399.0,0.494,1.0,8.068206656916044e-18,3.0,14.0
400.0,0.494,1.0,8.06820665549762e-18,3.0,14.0
401.0,0.494,1.0,2.5983024145476346e-17,3.0,14.0
402.0,0.49429193700937607,1.0,8.06299062392609e-06,3.0,13.0
403.0,0.49429748415596103,1.0,2.5158440389860094e-06,3.0,13.0
404.0,0.49429748415596103,1.0,2.5158440389860094e-06,3.0,13.0
405.0,0.49429748415596103,1.0,2.5158440389860094e-06,3.0,13.0
406.0,0.49429748415596103,1.0,2.5158440389860094e-06,3.0,13.0
407.0,0.49429790178270283,1.0,2.0982172971710507e-06,3.0,13.0
408.0,0.49429790178270283,1.0,2.0982172971710507e-06,3.0,13.0
409.0,0.4942979745169667,1.0,2.0254830332910965e-06,3.0,13.0
410.0,0.4942979745169667,1.0,2.0254830332910965e-06,3.0,13.0
411.0,0.4942979745169667,1.0,2.0254830332910965e-06,3.0,13.0
412.0,0.4942979860285792,1.0,2.01397142078683e-06,3.0,13.0
413.0,0.4942979860285792,1.0,2.01397142078683e-06,3.0,13.0
414.0,0.49429845756289975,1.0,1.5424371002549581e-06,3.0,13.0
415.0,0.49429845756289975,1.0,1.5424371002549581e-06,3.0,13.0
416.0,0.4942998062472223,1.0,1.9375277769382116e-07,3.0,13.0
417.0,0.4942999443942428,1.0,5.5605757223219916e-08,3.0,13.0
418.0,0.4942999443942428,1.0,5.5605757223219916e-08,3.0,13.0
419.0,0.4942999443942428,1.0,5.5605757223219916e-08,3.0,13.0
420.0,0.4942999449943102,1.0,5.5005689825788315e-08,3.0,13.0
421.0,0.4942999449943102,1.0,5.5005689825788315e-08,3.0,13.0
422.0,0.4942999449943102,1.0,5.5005689825788315e-08,3.0,13.0
423.0,0.49429999890092846,1.0,1.0990715623405e-09,3.0,13.0
424.0,0.49429999890092846,1.0,1.0990715623405e-09,3.0,13.0
425.0,0.49429999890092846,1.0,1.0990715623405e-09,3.0,13.0
426.0,0.49429999890092846,1.0,1.0990715623405e-09,3.0,13.0
427.0,0.4942999998641478,1.0,1.358522193883912e-10,3.0,13.0
428.0,0.4942999998641478,1.0,1.358522193883912e-10,3.0,13.0
429.0,0.4942999998641478,1.0,1.358522193883912e-10,3.0,13.0
430.0,0.4942999999462523,1.0,5.3747751010891935e-11,3.0,13.0
431.0,0.4942999999462523,1.0,5.3747751010891935e-11,3.0,13.0
432.0,0.49429999998757845,1.0,1.2421587330429134e-11,3.0,13.0
433.0,0.49429999998757845,1.0,1.2421587330429134e-11,3.0,13.0
434.0,0.4942999999967061,1.0,3.2939484162905447e-12,3.0,13.0
435.0,0.49429999999892454,1.0,1.0754969781313192e-12,3.0,13.0
436.0,0.49429999999892454,1.0,1.0754969781313192e-12,3.0,13.0
437.0,0.4942999999993362,1.0,6.638037022382536e-13,3.0,13.0
438.0,0.4942999999993362,1.0,6.638037022382536e-13,3.0,13.0
439.0,0.4942999999993362,1.0,6.638037022382536e-13,3.0,13.0
440.0,0.4942999999993362,1.0,6.638037022382536e-13,3.0,13.0
441.0,0.4942999999996093,1.0,3.9076532722342144e-13,3.0,13.0
442.0,0.4942999999996093,1.0,3.9076532722342144e-13,3.0,13.0
443.0,0.4942999999996093,1.0,3.9076532722342144e-13,3.0,13.0
444.0,0.49429999999961866,1.0,3.813767508628914e-13,3.0,13.0
445.0,0.49429999999961866,1.0,3.813767508628914e-13,3.0,13.0
446.0,0.49429999999961866,1.0,3.813767508628914e-13,3.0,13.0
447.0,0.49429999999961866,1.0,3.813767508628914e-13,3.0,13.0
448.0,0.49429999999961866,1.0,3.813767508628914e-13,3.0,13.0
449.0,0.4942999999997309,1.0,2.691224208681701e-13,3.0,13.0
450.0,0.49429999999986185,1.0,1.3817799778804743e-13,3.0,13.0
451.0,0.49429999999986185,1.0,1.3817799778804743e-13,3.0,13.0
452.0,0.4942999999998963,1.0,1.0369018857684867e-13,3.0,13.0
453.0,0.4942999999998963,1.0,1.0369018857684867e-13,3.0,13.0
454.0,0.4942999999998963,1.0,1.0369018857684867e-13,3.0,13.0
455.0,0.4942999999998963,1.0,1.0369018857684867e-13,3.0,13.0
456.0,0.494299999999922,1.0,7.796684319930052e-14,3.0,13.0
457.0,0.4942999999999233,1.0,7.669807097405603e-14,3.0,13.0
458.0,0.4942999999999233,1.0,7.669807097405603e-14,3.0,13.0
459.0,0.4942999999999233,1.0,7.669807097405603e-14,3.0,13.0
460.0,0.4942999999999233,1.0,7.669807097405603e-14,3.0,13.0
461.0,0.4942999999999233,1.0,7.669807097405603e-14,3.0,13.0
462.0,0.49429999999994084,1.0,5.917380081884436e-14,3.0,13.0
463.0,0.49429999999994084,1.0,5.917380081884436e-14,3.0,13.0
464.0,0.49429999999994084,1.0,5.917380081884436e-14,3.0,13.0
465.0,0.4942999999999853,1.0,1.4702323508918064e-14,3.0,13.0
466.0,0.4942999999999853,1.0,1.4702323508918064e-14,3.0,13.0
467.0,0.4942999999999853,1.0,1.4702323508918064e-14,3.0,13.0
468.0,0.4942999999999853,1.0,1.4702323508918064e-14,3.0,13.0
469.0,0.4942999999999853,1.0,1.4702323508918064e-14,3.0,13.0
470.0,0.4942999999999853,1.0,1.4702323508918064e-14,3.0,13.0
471.0,0.4942999999999853,1.0,1.4702323508918064e-14,3.0,13.0
472.0,0.4942999999999853,1.0,1.4702323508918064e-14,3.0,13.0
473.0,0.4942999999999853,1.0,1.4702323508918064e-14,3.0,13.0
474.0,0.4942999999999853,1.0,1.4702323508918064e-14,3.0,13.0
475.0,0.4942999999999858,1.0,1.4192179635991223e-14,3.0,13.0
476.0,0.4942999999999961,1.0,3.955009646294379e-15,3.0,13.0
477.0,0.4942999999999961,1.0,3.955009646294379e-15,3.0,13.0
478.0,0.4942999999999991,1.0,9.41483402161309e-16,3.0,13.0
479.0,0.4942999999999991,1.0,9.41483402161309e-16,3.0,13.0
480.0,0.4942999999999991,1.0,9.41483402161309e-16,3.0,13.0
481.0,0.4942999999999991,1.0,9.41483402161309e-16,3.0,13.0
482.0,0.4942999999999991,1.0,9.41483402161309e-16,3.0,13.0
483.0,0.4942999999999991,1.0,9.41483402161309e-16,3.0,13.0
484.0,0.49429999999999946,1.0,5.388370389575093e-16,3.0,13.0
485.0,0.4942999999999998,1.0,2.3951514214242955e-16,3.0,13.0
486.0,0.4942999999999998,1.0,2.3951514214242955e-16,3.0,13.0
487.0,0.4942999999999998,1.0,2.3951514214242955e-16,3.0,13.0
488.0,0.4942999999999998,1.0,2.3951514214242955e-16,3.0,13.0
489.0,0.49429999999999996,1.0,3.7608901824193755e-17,3.0,13.0
490.0,0.49429999999999996,1.0,3.7608901824193755e-17,3.0,13.0
491.0,0.49429999999999996,1.0,3.7608901824193755e-17,3.0,13.0
492.0,0.49429999999999996,1.0,3.7608901824193755e-17,3.0,13.0
493.0,0.4943,1.0,1.0955064117203667e-17,3.0,13.0
494.0,0.4943,1.0,1.0813807218904527e-17,3.0,13.0
495.0,0.4943,1.0,2.1347054591793594e-17,3.0,13.0
496.0,0.4943,1.0,1.095454807328404e-17,3.0,13.0
497.0,0.4943,1.0,2.539246953658611e-18,3.0,13.0
498.0,0.4943,1.0,7.944606313915887e-18,3.0,13.0
499.0,0.4943,1.0,1.8695812541851064e-17,3.0,13.0
500.0,0.4943,1.0,1.4264453806515233e-17,3.0,13.0
501.0,0.4943,1.0,2.1347054591793594e-17,3.0,13.0
502.0,0.4943,1.0,1.4182264623804365e-17,3.0,13.0
503.0,0.4943,1.0,1.433554592222335e-17,3.0,13.0
504.0,0.4943,1.0,7.943502770865238e-18,3.0,13.0
505.0,0.4943,1.0,3.5918987719626e-18,3.0,13.0
506.0,0.4943,1.0,1.579496805911371e-17,3.0,13.0
507.0,0.4943,1.0,9.440404178779965e-18,3.0,13.0
508.0,0.4943,1.0,2.458602279560929e-17,3.0,13.0
509.0,0.4943,1.0,1.0870534258931708e-17,3.0,13.0
510.0,0.4943,1.0,2.4342843382736584e-17,3.0,13.0
511.0,0.4943,1.0,2.6847455856303656e-17,3.0,13.0
512.0,0.4943,1.0,2.2371075165206036e-18,3.0,13.0
513.0,0.4943,1.0,3.385647568626713e-19,3.0,13.0
514.0,0.4943,1.0,7.009027783918092e-18,3.0,13.0
515.0,0.4943,1.0,3.6181369282716725e-18,3.0,13.0
516.0,0.4943,1.0,4.244542018237876e-20,3.0,13.0
517.0,0.4943,1.0,4.241132328754868e-20,3.0,13.0
518.0,0.4943,1.0,1.9919774416862657e-17,3.0,13.0
519.0,0.4943,1.0,3.2116035533030707e-18,3.0,13.0
520.0,0.4943,1.0,8.86457765033612e-19,3.0,13.0
521.0,0.4943,1.0,1.0596819900016982e-18,3.0,13.0
522.0,0.4943,1.0,5.297657304946301e-19,3.0,13.0
523.0,0.4943,1.0,1.037477040257678e-18,3.0,13.0
524.0,0.4943,1.0,4.357507553453386e-19,3.0,13.0
525.0,0.4943,1.0,7.332417372601453e-18,3.0,13.0
526.0,0.4943,1.0,7.350496327175537e-18,3.0,13.0
527.0,0.4943,1.0,5.323738234872587e-19,3.0,13.0
528.0,0.4943,1.0,2.038298166273945e-18,3.0,13.0
529.0,0.4943,1.0,8.427864407612294e-19,3.0,13.0
530.0,0.4943,1.0,7.416682393090342e-18,3.0,13.0
531.0,0.4943,1.0,5.953126836659096e-19,3.0,13.0
532.0,0.4943,1.0,8.27699196716022e-18,3.0,13.0
533.0,0.4943,1.0,9.089026617012974e-18,3.0,13.0
534.0,0.4943,1.0,2.6456312778586476e-17,3.0,13.0
535.0,0.4943,1.0,1.2373593399798749e-18,3.0,13.0
536.0,0.4943,1.0,7.269884362826303e-19,3.0,13.0
537.0,0.4943,1.0,1.093510925801266e-18,3.0,13.0
538.0,0.4943,1.0,7.496038811605735e-20,3.0,13.0
539.0,0.4943,1.0,1.7701740875331481e-19,3.0,13.0
540.0,0.4943,1.0,4.980271561168164e-19,3.0,13.0
541.0,0.4943,1.0,2.1328330225622356e-17,3.0,13.0
542.0,0.4943,1.0,5.683840394018148e-18,3.0,13.0
543.0,0.4943,1.0,7.516515658342342e-18,3.0,13.0
544.0,0.4943,1.0,6.81851314205867e-18,3.0,13.0
545.0,0.4943,1.0,1.2870091041230817e-20,3.0,13.0
546.0,0.4943,1.0,2.5936561740011908e-17,3.0,13.0
547.0,0.4943,1.0,2.376298840795094e-18,3.0,13.0
548.0,0.4943,1.0,4.8746483854829225e-18,3.0,13.0
549.0,0.4943,1.0,3.4510104770502905e-18,3.0,13.0
550.0,0.4943,1.0,5.154657950184346e-18,3.0,13.0
551.0,0.4943,1.0,5.406502326318655e-18,3.0,13.0
552.0,0.4943,1.0,2.356411475663503e-17,3.0,13.0
553.0,0.4943,1.0,1.170544020480125e-19,3.0,13.0
554.0,0.4943,1.0,8.59552734850365e-18,3.0,13.0
555.0,0.4943,1.0,7.113613651109547e-18,3.0,13.0
556.0,0.4943,1.0,7.940309134447852e-18,3.0,13.0
557.0,0.4943,1.0,1.858756055786965e-17,3.0,13.0
558.0,0.4943,1.0,2.4994589204225265e-18,3.0,13.0
559.0,0.4943,1.0,4.349344926010371e-18,3.0,13.0
560.0,0.4943,1.0,9.094724802299986e-18,3.0,13.0
561.0,0.4943,1.0,6.00554085155981e-18,3.0,13.0
562.0,0.4943,1.0,5.444785898863765e-18,3.0,13.0
563.0,0.4943,1.0,1.951651153429687e-17,3.0,13.0
564.0,0.4943,1.0,1.7604100491501716e-17,3.0,13.0
565.0,0.4943,1.0,1.9526705763775722e-17,3.0,13.0
566.0,0.4943,1.0,2.1801819813400694e-17,3.0,13.0
567.0,0.4943,1.0,9.995674033357643e-19,3.0,13.0
568.0,0.4943,1.0,2.141503167244437e-17,3.0,13.0
569.0,0.4943,1.0,4.93220973519321e-18,3.0,13.0
570.0,0.4943,1.0,1.9515612039800758e-17,3.0,13.0
571.0,0.4943,1.0,9.030233945408716e-19,3.0,13.0
572.0,0.4943,1.0,7.04558831808682e-18,3.0,13.0
573.0,0.4943,1.0,1.5895515191339353e-17,3.0,13.0
574.0,0.4943,1.0,1.143773788467605e-18,3.0,13.0
575.0,0.4943,1.0,1.5593077589879494e-18,3.0,13.0
576.0,0.4943,1.0,1.7343536162089829e-18,3.0,13.0
577.0,0.4943,1.0,1.7006393473751142e-17,3.0,13.0
578.0,0.4943,1.0,1.3759148509639091e-17,3.0,13.0
579.0,0.4943,1.0,2.191368180929161e-17,3.0,13.0
580.0,0.4943,1.0,2.1343693552160458e-19,3.0,13.0
581.0,0.4943,1.0,6.3920056858570675e-18,3.0,13.0
582.0,0.4943,1.0,1.4499569712563333e-17,3.0,13.0
583.0,0.4943,1.0,4.182053482620204e-19,3.0,13.0
584.0,0.4943,1.0,4.183062525793496e-18,3.0,13.0
585.0,0.4943,1.0,3.900917590192886e-18,3.0,13.0
586.0,0.4943,1.0,9.230787877939763e-21,3.0,13.0
587.0,0.4943,1.0,1.0966504724538412e-17,3.0,13.0
588.0,0.4943,1.0,5.152545866252857e-19,3.0,13.0
589.0,0.4943,1.0,1.9811270082028963e-20,3.0,13.0
590.0,0.4943,1.0,5.765742131777492e-18,3.0,13.0
591.0,0.4943,1.0,1.4712510708048824e-18,3.0,13.0
592.0,0.4943,1.0,2.5310924600869887e-18,3.0,13.0
593.0,0.4943,1.0,3.36932142645287e-19,3.0,13.0
594.0,0.4943,1.0,1.0989548006799263e-17,3.0,13.0
595.0,0.4943,1.0,5.712147305855367e-19,3.0,13.0
596.0,0.4943,1.0,5.612908457264787e-18,3.0,13.0
597.0,0.4943,1.0,6.323611771636397e-19,3.0,13.0
598.0,0.4943,1.0,3.325910182643869e-18,3.0,13.0
599.0,0.4943,1.0,2.4069702555797405e-17,3.0,13.0
