step,phase,task,accuracy,mse,hidden_cells
0,0,OR,0.75,0.8002720787741033,1
10,0,OR,0.75,0.6568241539844901,1
20,0,OR,0.75,0.5361435578385806,1
30,0,OR,1.0,0.40197539087552436,1
40,0,OR,1.0,0.279525163292683,1
50,0,OR,1.0,0.18856998099198596,1
60,0,OR,1.0,0.12969391044174336,1
70,0,OR,1.0,0.0931142884609593,1
80,0,OR,1.0,0.06999047494490744,1
90,0,OR,1.0,0.05477254934958115,1
100,0,OR,1.0,0.0443075499224874,1
110,0,OR,1.0,0.036814300825229136,1
120,0,OR,1.0,0.03125762710531998,1
130,0,OR,1.0,0.027012444302966176,1
140,0,OR,1.0,0.02368631841862148,1
150,0,OR,1.0,0.02102377329355821,1
160,0,OR,1.0,0.018852965880391814,1
170,0,OR,1.0,0.01705489843643238,1
180,0,OR,1.0,0.015545018486149084,1
190,0,OR,1.0,0.014261862303566866,1
200,0,OR,1.0,0.013159835846263184,1
210,0,OR,1.0,0.012204501142871235,1
220,0,OR,1.0,0.011369422967324924,1
230,0,OR,1.0,0.010634012419593768,1
240,0,OR,1.0,0.00998202253761392,1
250,0,OR,1.0,0.009400479583343956,1
260,0,OR,1.0,0.008878911178617213,1
270,0,OR,1.0,0.008408780351368498,1
280,0,OR,1.0,0.007983064775283304,1
290,0,OR,1.0,0.007595939946829406,1
300,0,OR,1.0,0.007242537809304622,1
310,0,OR,1.0,0.006918760852292335,1
320,0,OR,1.0,0.006621137490835847,1
330,0,OR,1.0,0.0063467085031948195,1
340,0,OR,1.0,0.006092937078951977,1
350,0,OR,1.0,0.005857636988793991,1
360,0,OR,1.0,0.005638914788784503,1
370,0,OR,1.0,0.005435122985631567,1
380,0,OR,1.0,0.0052448218304007015,1
390,0,OR,1.0,0.0050667479551035925,1
400,0,OR,1.0,0.004899788474157734,1
410,0,OR,1.0,0.004742959479072158,1
420,0,OR,1.0,0.004595388086916308,1
430,0,OR,1.0,0.004456297380506143,1
440,0,OR,1.0,0.004324993714746475,1
450,0,OR,1.0,0.004200855969359394,1
460,0,OR,1.0,0.004083326410764734,1
470,0,OR,1.0,0.003971902890681124,1
480,0,OR,1.0,0.003866132160202389,1
490,0,OR,1.0,0.0037656041187681287,1
500,1,XOR,0.75,0.9919385151664646,1
510,1,XOR,0.75,0.9914958918616128,1
520,1,XOR,0.75,0.9910278237557916,1
530,1,XOR,0.75,0.9905301780838499,1
540,1,XOR,0.75,0.9899983075690588,1
550,1,XOR,0.75,0.9894269165985283,1
560,1,XOR,0.75,0.9888098982955583,1
570,1,XOR,0.75,0.9881401323053506,1
580,1,XOR,0.75,0.9874092297203909,1
590,1,XOR,0.75,0.9866072066697408,1
600,1,XOR,0.75,0.9857220609799416,1
610,1,XOR,0.75,0.9847392158908796,1
620,1,XOR,0.75,0.9836407793583489,1
630,1,XOR,0.75,0.9824045442561065,1
640,1,XOR,0.75,0.9810026193741698,1
650,1,XOR,0.75,0.9793995262293271,1
660,1,XOR,0.75,0.9775495102664171,1
670,1,XOR,0.75,0.9753926766746358,1
680,1,XOR,0.75,0.9728493362343212,1
690,1,XOR,0.75,0.9698115768770834,1
700,1,XOR,0.75,0.9661304651910014,1
710,1,XOR,0.75,0.9615962798745589,1
720,1,XOR,0.75,0.9559076055157345,1
730,1,XOR,0.75,0.9486229702634985,1
740,1,XOR,0.75,0.9390872219023173,1
750,1,XOR,0.75,0.9263307562704948,1
760,1,XOR,0.75,0.9089807134695977,1
770,1,XOR,0.75,0.8853885012027659,1
780,1,XOR,0.75,0.8546135420726597,1
790,1,XOR,0.75,0.8190497474952323,1
800,1,XOR,0.75,0.7860799801771314,1
810,1,XOR,0.75,0.7621808839259566,1
820,1,XOR,0.75,0.746889153731757,1
830,1,XOR,0.75,0.7368631286673425,1
840,1,XOR,0.75,0.7298282088612279,1
850,1,XOR,0.75,0.7246146257747123,1
860,1,XOR,0.75,0.7205791600628949,1
870,1,XOR,0.75,0.7173326279678036,1
880,1,XOR,0.75,0.7146291275736398,1
890,1,XOR,0.75,0.7123108682236032,1
900,1,XOR,0.75,0.7102755803114756,1
910,1,XOR,0.75,0.7084560498973236,1
920,1,XOR,0.75,0.706807169519839,1
930,1,XOR,0.75,0.705297808285101,1
940,1,XOR,0.75,0.7039057508301065,1
950,1,XOR,0.75,0.7026145601492613,1
960,1,XOR,0.75,0.7014116300806452,1
970,1,XOR,0.75,0.7002869671463788,1
980,1,XOR,0.75,0.6992324182393588,1
990,1,XOR,0.75,0.698241171545978,1
1000,1,XOR,0.75,0.6973074262044628,1
1010,1,XOR,0.75,0.696426167460737,1
1020,1,XOR,0.75,0.6955930088963213,1
1030,1,XOR,0.75,0.6948040781896089,1
1040,1,XOR,0.75,0.6940559318209112,1
1050,1,XOR,0.75,0.6933454895409273,1
1060,1,XOR,0.75,0.6926699827200324,1
1070,1,XOR,0.75,0.6920269127291268,1
1080,1,XOR,0.75,0.6914140167740546,1
1090,1,XOR,0.75,0.690829239413412,1
1100,1,XOR,0.75,0.6902707085124632,1
1110,1,XOR,0.75,0.6897367147313302,1
1120,1,XOR,0.75,0.6892256938789021,1
1130,1,XOR,0.75,0.6887362116251379,2
1140,1,XOR,0.75,0.7104076001469009,2
1150,1,XOR,0.75,0.6852506257778836,2
1160,1,XOR,0.75,0.6583764007827708,2
1170,1,XOR,0.75,0.6131159815735965,2
1180,1,XOR,0.75,0.5367792266492184,2
1190,1,XOR,1.0,0.4366906614821937,2
1200,1,XOR,1.0,0.3381001500395659,2
1210,1,XOR,1.0,0.25839900724055614,2
1220,1,XOR,1.0,0.19978501792014985,2
1230,1,XOR,1.0,0.15797122081661336,2
1240,1,XOR,1.0,0.12804569340475055,2
1250,1,XOR,1.0,0.10622414179077477,2
1260,1,XOR,1.0,0.08992790043362117,2
1270,1,XOR,1.0,0.07746108273760466,2
1280,1,XOR,1.0,0.06770783052775085,2
1290,1,XOR,1.0,0.059922621020276845,2
1300,1,XOR,1.0,0.05359690487333538,2
1310,1,XOR,1.0,0.04837603348197119,2
1320,1,XOR,1.0,0.0440072923282529,2
1330,1,XOR,1.0,0.04030691369441963,2
1340,1,XOR,1.0,0.03713874047322744,2
1350,1,XOR,1.0,0.034400147204216885,2
1360,1,XOR,1.0,0.03201256365023351,2
1370,1,XOR,1.0,0.02991497361047788,2
1380,1,XOR,1.0,0.028059373969686403,2
1390,1,XOR,1.0,0.026407549198881247,2
1400,1,XOR,1.0,0.024928744156409402,2
1410,1,XOR,1.0,0.023597960485738506,2
1420,1,XOR,1.0,0.02239469262557791,2
1430,1,XOR,1.0,0.02130197821834041,2
1440,1,XOR,1.0,0.020305676404942387,2
1450,1,XOR,1.0,0.019393913380485503,2
1460,1,XOR,1.0,0.018556652157296544,2
1470,1,XOR,1.0,0.017785355576924275,2
1480,1,XOR,1.0,0.01707272004795101,2
1490,1,XOR,1.0,0.016412463442456768,2
1500,1,XOR,1.0,0.01579915483861727,2
1510,1,XOR,1.0,0.01522807686973127,2
1520,1,XOR,1.0,0.014695113682308074,2
1530,1,XOR,1.0,0.01419665915819944,2
1540,1,XOR,1.0,0.013729541284638557,2
1550,1,XOR,1.0,0.01329095947797835,2
1560,1,XOR,1.0,0.012878432364306035,2
1570,1,XOR,1.0,0.012489754051772361,2
1580,1,XOR,1.0,0.012122957337816126,2
1590,1,XOR,1.0,0.011776282610300785,2
1600,1,XOR,1.0,0.01144815144751017,2
1610,1,XOR,1.0,0.011137144114667425,2
1620,1,XOR,1.0,0.010841980306578885,2
1630,1,XOR,1.0,0.010561502606484589,2
1640,1,XOR,1.0,0.010294662227263328,2
1650,1,XOR,1.0,0.010040506678141003,2
1660,1,XOR,1.0,0.009798169062084765,2
1670,1,XOR,1.0,0.009566858759281245,2
1680,1,XOR,1.0,0.00934585329293478,2
1690,1,XOR,1.0,0.00913449120697938,2
1700,1,XOR,1.0,0.00893216581266322,2
1710,1,XOR,1.0,0.008738319683502945,2
1720,1,XOR,1.0,0.008552439796743515,2
1730,1,XOR,1.0,0.00837405323492847,2
1740,1,XOR,1.0,0.00820272337407219,2
1750,1,XOR,1.0,0.008038046495698382,2
1760,1,XOR,1.0,0.007879648769044071,2
1770,1,XOR,1.0,0.007727183557331322,2
1780,1,XOR,1.0,0.007580329008426796,2
1790,1,XOR,1.0,0.007438785895642217,2
1800,1,XOR,1.0,0.007302275679043119,2
1810,1,XOR,1.0,0.007170538761560827,2
1820,1,XOR,1.0,0.007043332917557891,2
1830,1,XOR,1.0,0.00692043187436789,2
1840,1,XOR,1.0,0.006801624029795316,2
1850,1,XOR,1.0,0.006686711290681713,2
1860,1,XOR,1.0,0.006575508019472491,2
1870,1,XOR,1.0,0.006467840077300049,2
1880,1,XOR,1.0,0.006363543953467936,2
1890,1,XOR,1.0,0.006262465972410117,2
1900,2,AND,0.25,2.772439640058325,2
1910,2,AND,0.25,2.5723119027189263,2
1920,2,AND,0.75,1.15575407897789,2
1930,2,AND,0.75,1.0195566177882827,2
1940,2,AND,0.75,1.0043201619329427,2
1950,2,AND,0.75,0.9988153117417095,2
1960,2,AND,0.75,0.9958736563022264,2
1970,2,AND,0.75,0.9939142784383038,2
1980,2,AND,0.75,0.9923971817624156,2
1990,2,AND,0.75,0.9910851277927433,2
2000,2,AND,0.75,0.9898521545673797,2
2010,2,AND,0.75,0.9886184599914334,2
2020,2,AND,0.75,0.9873233226344539,2
2030,2,AND,0.75,0.9859113170303505,2
2040,2,AND,0.75,0.9843231915972614,2
2050,2,AND,0.75,0.9824875249548344,2
2060,2,AND,0.75,0.9803105111547529,2
2070,2,AND,0.75,0.9776608242131754,2
2080,2,AND,0.75,0.9743445208110305,2
2090,2,AND,0.75,0.9700600759925249,2
2100,2,AND,0.75,0.9643121327856513,2
2110,2,AND,0.75,0.9562339567165403,2
2120,2,AND,0.75,0.9441934058993803,2
2130,2,AND,0.75,0.9248561154082744,2
2140,2,AND,0.75,0.8909578899134764,2
2150,2,AND,0.75,0.8281696049134251,2
2160,2,AND,0.75,0.7319203268658294,2
2170,2,AND,0.75,0.653095837282861,2
2180,2,AND,0.75,0.6007687383304765,2
2190,2,AND,0.75,0.5506654432615115,2
2200,2,AND,0.75,0.49156256231041245,2
2210,2,AND,1.0,0.4145448146075349,2
2220,2,AND,1.0,0.3149564249458803,2
2230,2,AND,1.0,0.20692122718895029,2
2240,2,AND,1.0,0.12399769406099519,2
2250,2,AND,1.0,0.07619688052032653,2
2260,2,AND,1.0,0.050603841500987484,2
2270,2,AND,1.0,0.036220530279852364,2
2280,2,AND,1.0,0.02749655000969507,2
2290,2,AND,1.0,0.021820394947348446,2
2300,2,AND,1.0,0.017907657098180513,2
2310,2,AND,1.0,0.015082392164293114,2
2320,2,AND,1.0,0.012964712543469592,2
2330,2,AND,1.0,0.011328424798777159,2
2340,2,AND,1.0,0.010032034705464517,2
2350,2,AND,1.0,0.008983238851047792,2
2360,2,AND,1.0,0.00811963018287642,2
2370,2,AND,1.0,0.007397699418027925,2
2380,2,AND,1.0,0.00678629676155182,2
2390,2,AND,1.0,0.00626259956934802,2
2400,2,AND,1.0,0.005809543797235377,2
2410,2,AND,1.0,0.005414140473483097,2
2420,2,AND,1.0,0.005066343916709326,2
2430,2,AND,1.0,0.004758273462014129,2
2440,2,AND,1.0,0.00448366730484058,2
2450,2,AND,1.0,0.00423749215858088,2
2460,2,AND,1.0,0.004015659614866595,2
2470,2,AND,1.0,0.003814816911998177,2
2480,2,AND,1.0,0.003632190456171094,2
2490,2,AND,1.0,0.0034654673126764454,2
2500,3,XNOR,0.75,1.0032487803163155,2
2510,3,XNOR,0.75,1.003109889514768,2
2520,3,XNOR,0.75,1.0029817819703413,2
2530,3,XNOR,0.75,1.0028632770405848,2
2540,3,XNOR,0.75,1.0027533579568872,2
2550,3,XNOR,0.75,1.0026511446256938,2
2560,3,XNOR,0.75,1.002555871632559,2
2570,3,XNOR,0.75,1.002466870330625,2
2580,3,XNOR,0.75,1.0023835541603558,2
2590,3,XNOR,0.75,1.0023054065441699,2
2600,3,XNOR,0.75,1.0022319708469785,2
2610,3,XNOR,0.75,1.002162842004941,2
2620,3,XNOR,0.75,1.002097659509508,2
2630,3,XNOR,0.75,1.0020361014988517,2
2640,3,XNOR,0.75,1.0019778797590722,2
2650,3,XNOR,0.75,1.001922735476686,2
2660,3,XNOR,0.75,1.001870435614556,2
2670,3,XNOR,0.75,1.0018207698076,2
2680,3,XNOR,0.75,1.001773547693764,3
2690,3,XNOR,0.75,1.0022328015347817,3
2700,3,XNOR,0.75,1.002147856624309,3
2710,3,XNOR,0.75,1.0020696515675935,3
2720,3,XNOR,0.75,1.0019973815482566,3
2730,3,XNOR,0.75,1.0019303649571667,3
2740,3,XNOR,0.75,1.0018680210151965,3
2750,3,XNOR,0.75,1.001809852045498,3
2760,3,XNOR,0.75,1.0017554293108133,3
2770,3,XNOR,0.75,1.0017043816116111,3
2780,3,XNOR,0.75,1.0016563860418015,3
2790,3,XNOR,0.75,1.0016111604447004,3
2800,3,XNOR,0.75,1.0015684572191896,3
2810,3,XNOR,0.75,1.0015280582056794,3
2820,3,XNOR,0.75,1.001489770441319,3
2830,3,XNOR,0.75,1.001453422619204,3
2840,3,XNOR,0.75,1.0014188621209916,3
2850,3,XNOR,0.75,1.0013859525190227,3
2860,3,XNOR,0.75,1.0013545714647976,4
2870,3,XNOR,0.75,1.0013681974391058,4
2880,3,XNOR,0.75,1.0013341886552836,4
2890,3,XNOR,0.75,1.0013019816747752,4
2900,3,XNOR,0.75,1.0012714287486009,4
2910,3,XNOR,0.75,1.0012423980956142,4
2920,3,XNOR,0.75,1.001214771808086,4
2930,3,XNOR,0.75,1.0011884440767387,4
2940,3,XNOR,0.75,1.0011633196799679,4
2950,3,XNOR,0.75,1.0011393126926362,4
2960,3,XNOR,0.75,1.0011163453782324,4
2970,3,XNOR,0.75,1.0010943472348464,4
2980,3,XNOR,0.75,1.0010732541707212,4
2990,3,XNOR,0.75,1.0010530077894038,4
3000,3,XNOR,0.75,1.001033554767962,4
3010,3,XNOR,0.75,1.0010148463145039,4
3020,3,XNOR,0.75,1.0009968376935197,4
3030,3,XNOR,0.75,1.0009794878094114,4
3040,3,XNOR,0.75,1.000962758840113,5
3050,3,XNOR,0.75,1.0008325507161424,5
3060,3,XNOR,0.75,1.0008204164569132,5
3070,3,XNOR,0.75,1.000808630649444,5
3080,3,XNOR,0.75,1.0007971778287152,5
3090,3,XNOR,0.75,1.000786043476086,5
3100,3,XNOR,0.75,1.0007752139454573,5
3110,3,XNOR,0.75,1.0007646763963554,5
3120,3,XNOR,0.75,1.0007544187331816,5
3130,3,XNOR,0.75,1.0007444295499826,5
3140,3,XNOR,0.75,1.0007346980801552,5
3150,3,XNOR,0.75,1.000725214150581,5
3160,3,XNOR,0.75,1.000715968139744,5
3170,3,XNOR,0.75,1.0007069509394206,5
3180,3,XNOR,0.75,1.0006981539195996,5
3190,3,XNOR,0.75,1.0006895688963076,5
3200,3,XNOR,0.75,1.0006811881020679,5
3210,3,XNOR,0.75,1.0006730041587344,5
3220,3,XNOR,0.75,1.0006650100524845,6
3230,3,XNOR,0.75,1.0006295017442741,6
3240,3,XNOR,0.75,1.00062236979263,6
3250,3,XNOR,0.75,1.0006153929994421,6
3260,3,XNOR,0.75,1.0006085662223605,6
3270,3,XNOR,0.75,1.0006018845567874,6
3280,3,XNOR,0.75,1.0005953433211503,6
3290,3,XNOR,0.75,1.000588938043355,6
3300,3,XNOR,0.75,1.0005826644483056,6
3310,3,XNOR,0.75,1.0005765184463844,6
3320,3,XNOR,0.75,1.0005704961228008,6
3330,3,XNOR,0.75,1.000564593727728,6
3340,3,XNOR,0.75,1.0005588076671512,6
3350,3,XNOR,0.75,1.00055313449437,6
3360,3,XNOR,0.75,1.000547570902089,6
3370,3,XNOR,0.75,1.0005421137150567,6
3380,3,XNOR,0.75,1.0005367598831902,6
3390,3,XNOR,0.75,1.000531506475163,6
3400,3,XNOR,0.75,1.0005263506724018,7
3410,3,XNOR,0.75,1.0008533933374972,7
3420,3,XNOR,0.75,1.000836595291663,7
3430,3,XNOR,0.75,1.0008205178939324,7
3440,3,XNOR,0.75,1.0008051125571278,7
3450,3,XNOR,0.75,1.0007903350492424,7
3460,3,XNOR,0.75,1.0007761450169896,7
3470,3,XNOR,0.75,1.0007625055701443,7
3480,3,XNOR,0.75,1.0007493829178817,7
3490,3,XNOR,0.75,1.0007367460497112,7
3500,3,XNOR,0.75,1.0007245664548003,7
3510,3,XNOR,0.75,1.0007128178744273,7
3520,3,XNOR,0.75,1.0007014760831254,7
3530,3,XNOR,0.75,1.0006905186947335,7
3540,3,XNOR,0.75,1.0006799249901228,7
3550,3,XNOR,0.75,1.0006696757638502,7
3560,3,XNOR,0.75,1.0006597531873656,7
3570,3,XNOR,0.75,1.0006501406867392,7
3580,3,XNOR,0.75,1.0006408228331516,8
3590,3,XNOR,0.75,1.0005814021342445,8
3600,3,XNOR,0.75,1.0005738003829454,8
3610,3,XNOR,0.75,1.000566406458356,8
3620,3,XNOR,0.75,1.0005592109943113,8
3630,3,XNOR,0.75,1.000552205232731,8
3640,3,XNOR,0.75,1.000545380971646,8
3650,3,XNOR,0.75,1.000538730518736,8
3660,3,XNOR,0.75,1.0005322466496773,8
3670,3,XNOR,0.75,1.00052592257071,8
3680,3,XNOR,0.75,1.000519751884921,8
3690,3,XNOR,0.75,1.0005137285617944,8
3700,3,XNOR,0.75,1.0005078469096558,8
3710,3,XNOR,0.75,1.0005021015506868,8
3720,3,XNOR,0.75,1.0004964873982198,8
3730,3,XNOR,0.75,1.0004909996360645,8
3740,3,XNOR,0.75,1.0004856336996535,8
3750,3,XNOR,0.75,1.0004803852588144,8
3760,3,XNOR,0.75,1.0004752502019985,8
3770,3,XNOR,0.75,1.0004702246218267,8
3780,3,XNOR,0.75,1.0004653048018133,8
3790,3,XNOR,0.75,1.0004604872041603,8
3800,3,XNOR,0.75,1.0004557684585142,8
3810,3,XNOR,0.75,1.0004511453515998,8
3820,3,XNOR,0.75,1.0004466148176467,8
3830,3,XNOR,0.75,1.0004421739295346,8
3840,3,XNOR,0.75,1.000437819890601,8
3850,3,XNOR,0.75,1.0004335500270405,8
3860,3,XNOR,0.75,1.0004293617808568,8
3870,3,XNOR,0.75,1.0004252527033128,8
3880,3,XNOR,0.75,1.0004212204488374,8
3890,3,XNOR,0.75,1.0004172627693528,8
3900,4,OR,0.5,1.9631521075188465,8
3910,4,OR,0.5,1.8438307047000935,8
3920,4,OR,0.75,0.9846548238601082,8
3930,4,OR,1.0,0.07489731561791561,8
3940,4,OR,1.0,0.014621705710758652,8
3950,4,OR,1.0,0.008242047497311316,8
3960,4,OR,1.0,0.0057561113524659405,8
3970,4,OR,1.0,0.0044303199502046045,8
3980,4,OR,1.0,0.003605276378074298,8
3990,4,OR,1.0,0.0030418987508425326,8
4000,4,OR,1.0,0.0026324940918750466,8
4010,4,OR,1.0,0.002321380544677726,8
4020,4,OR,1.0,0.00207686045034983,8
4030,4,OR,1.0,0.0018795567659713635,8
4040,4,OR,1.0,0.0017169541346853817,8
4050,4,OR,1.0,0.0015806069172616636,8
4060,4,OR,1.0,0.0014646082944295374,8
4070,4,OR,1.0,0.0013647023083680286,8
4080,4,OR,1.0,0.0012777443625892864,8
4090,4,OR,1.0,0.0012013604011713106,8
4100,4,OR,1.0,0.0011337243201849179,8
4110,4,OR,1.0,0.0010734083620824982,8
4120,4,OR,1.0,0.0010192800130096205,8
4130,4,OR,1.0,0.0009704293642598063,8
4140,4,OR,1.0,0.0009261169255830118,7
4150,4,OR,1.0,0.0008850170548412578,7
4160,4,OR,1.0,0.0008482560044744355,7
4170,4,OR,1.0,0.0008144746917623384,7
4180,4,OR,1.0,0.0007833230833724445,7
4190,4,OR,1.0,0.000754504042636906,7
4200,4,OR,1.0,0.000727763685915259,7
4210,4,OR,1.0,0.0007028837767745442,7
4220,4,OR,1.0,0.0006796756722738486,7
4230,4,OR,1.0,0.0006579754636836488,7
4240,4,OR,1.0,0.0006376400452276347,7
4250,4,OR,1.0,0.0006185439102924345,7
4260,4,OR,1.0,0.0006005765226320135,7
4270,4,OR,1.0,0.0005836401455769282,7
4280,4,OR,1.0,0.000567648038710253,7
4290,4,OR,1.0,0.0005525229513765854,7
4300,4,OR,1.0,0.0005381958575014637,7
4310,4,OR,1.0,0.0005246048877655767,7
4320,4,OR,1.0,0.0005116944241018111,6
4330,4,OR,1.0,0.0005587284228490635,6
4340,4,OR,1.0,0.0005446652697718736,6
4350,4,OR,1.0,0.0005313050058061854,6
4360,4,OR,1.0,0.0005185959104965933,6
4370,4,OR,1.0,0.0005064912303930818,6
4380,4,OR,1.0,0.0004949485958243856,6
4390,4,OR,1.0,0.0004839295180467267,6
4400,4,OR,1.0,0.00047339895412667896,6
4410,4,OR,1.0,0.00046332492914020047,6
4420,4,OR,1.0,0.0004536782070626634,6
4430,4,OR,1.0,0.000444432003177578,6
4440,4,OR,1.0,0.0004355617320148947,6
4450,4,OR,1.0,0.00042704478579759855,6
4460,4,OR,1.0,0.0004188603391707549,6
4470,4,OR,1.0,0.00041098917664343047,6
4480,4,OR,1.0,0.0004034135397177896,6
4490,4,OR,1.0,0.0003961169911318441,6
